"Year","Municipality","Establishments of enterprises (number)","Personnel in establishments of enterprises (staff-years)"
"2020","WHOLE COUNTRY",581344,1506105
"2020","Akaa",1432,2941
"2020","Alajärvi",1377,2083
"2020","Alavieska",319,424
"2020","Alavus",1524,3053
"2020","Asikkala",1078,1632
"2020","Askola",651,1020
"2020","Aura",495,826
"2020","Brändö",107,112
"2020","Eckerö",197,159
"2020","Enonkoski",224,199
"2020","Enontekiö",250,341
"2020","Espoo",25436,88074
"2020","Eura",1435,3049
"2020","Eurajoki",1037,3040
"2020","Evijärvi",491,562
"2020","Finström",362,612
"2020","Forssa",1682,5389
"2020","Föglö",82,118
"2020","Geta",78,63
"2020","Haapajärvi",833,1589
"2020","Haapavesi",772,1529
"2020","Hailuoto",148,131
"2020","Halsua",223,241
"2020","Hamina",1749,3834
"2020","Hammarland",255,157
"2020","Hankasalmi",689,718
"2020","Hanko",745,2512
"2020","Harjavalta",603,2513
"2020","Hartola",525,641
"2020","Hattula",949,1418
"2020","Hausjärvi",934,1178
"2020","Heinola",1621,3809
"2020","Heinävesi",520,504
"2020","Helsinki",74668,280045
"2020","Hirvensalmi",382,312
"2020","Hollola",2223,4229
"2020","Honkajoki",356,469
"2020","Huittinen",1638,2850
"2020","Humppila",349,341
"2020","Hyrynsalmi",288,248
"2020","Hyvinkää",3823,12528
"2020","Hämeenkoski",.,.
"2020","Hämeenkyrö",1226,1533
"2020","Hämeenlinna",6344,16582
"2020","Ii",856,1372
"2020","Iisalmi",1985,5827
"2020","Iitti",901,1457
"2020","Ikaalinen",1151,1255
"2020","Ilmajoki",1497,1750
"2020","Ilomantsi",603,723
"2020","Imatra",1947,6171
"2020","Inari",782,1622
"2020","Ingĺ",856,946
"2020","Isojoki",415,438
"2020","Isokyrö",755,939
"2020","Jalasjärvi",.,.
"2020","Janakkala",1488,3467
"2020","Joensuu",6251,19215
"2020","Jokioinen",567,937
"2020","Jomala",798,1833
"2020","Joroinen",591,981
"2020","Joutsa",722,791
"2020","Juankoski",.,.
"2020","Juuka",647,771
"2020","Juupajoki",297,492
"2020","Juva",1042,1080
"2020","Jyväskylä",11260,36661
"2020","Jyväskylän mlk",-,.
"2020","Jämijärvi",330,284
"2020","Jämsä",2201,5458
"2020","Järvenpää",3372,7907
"2020","Kaarina",3088,6591
"2020","Kaavi",373,499
"2020","Kajaani",2596,8184
"2020","Kalajoki",1628,3147
"2020","Kangasala",2912,5170
"2020","Kangasniemi",956,991
"2020","Kankaanpää",1470,2545
"2020","Kannonkoski",205,191
"2020","Kannus",665,1324
"2020","Karijoki",242,206
"2020","Karkkila",799,1811
"2020","Karstula",642,827
"2020","Karvia",506,517
"2020","Kaskinen",144,363
"2020","Kauhajoki",1848,2981
"2020","Kauhava",2684,4459
"2020","Kauniainen",1125,1197
"2020","Kaustinen",627,1040
"2020","Keitele",345,757
"2020","Kemi",1227,5470
"2020","Kemijärvi",693,1107
"2020","Keminmaa",733,2262
"2020","Kimitoön",1144,1119
"2020","Kempele",1430,4742
"2020","Kerava",2572,7628
"2020","Keuruu",1081,1819
"2020","Kihniö",317,455
"2020","Kinnula",220,280
"2020","Kirkkonummi",3549,6240
"2020","Kitee",1490,2025
"2020","Kittilä",1022,2326
"2020","Kiuruvesi",1193,1354
"2020","Kivijärvi",151,117
"2020","Kokemäki",944,1449
"2020","Kokkola",4369,12367
"2020","Kolari",665,799
"2020","Konnevesi",421,399
"2020","Kontiolahti",1175,2218
"2020","Korsnäs",457,411
"2020","Koski Tl",480,586
"2020","Kotka",3618,13361
"2020","Kouvola",7262,17660
"2020","Kristinestad",1124,1566
"2020","Kronoby",1046,1657
"2020","Kuhmo",1052,1587
"2020","Kuhmoinen",376,317
"2020","Kumlinge",75,36
"2020","Kuopio",10160,28858
"2020","Kuortane",628,906
"2020","Kurikka",2851,4458
"2020","Kustavi",225,182
"2020","Kuusamo",1792,3822
"2020","Kyyjärvi",195,309
"2020","Kärkölä",544,1211
"2020","Kärsämäki",399,786
"2020","Kökar",51,45
"2020","Köyliö",.,.
"2020","Lahti",9447,32631
"2020","Laihia",876,1076
"2020","Laitila",1253,2946
"2020","Lapinjärvi",450,527
"2020","Lapinlahti",1167,1652
"2020","Lappajärvi",494,546
"2020","Lappeenranta",6231,17901
"2020","Lapua",1901,2748
"2020","Laukaa",1634,3313
"2020","Lavia",.,.
"2020","Lemi",341,205
"2020","Lemland",257,117
"2020","Lempäälä",2243,5087
"2020","Leppävirta",1128,1828
"2020","Lestijärvi",145,112
"2020","Lieksa",1079,2061
"2020","Lieto",2245,4964
"2020","Liminka",765,1365
"2020","Liperi",1283,1792
"2020","Lohja",4429,8977
"2020","Loimaa",2349,4094
"2020","Loppi",1017,1267
"2020","Loviisa",1841,3141
"2020","Luhanka",143,71
"2020","Lumijoki",213,285
"2020","Lumparland",58,61
"2020","Larsmo",415,629
"2020","Luumäki",657,809
"2020","Luvia",.,.
"2020","Malax",803,1000
"2020","Maaninka",.,.
"2020","Mariehamn",1650,5537
"2020","Marttila",352,292
"2020","Masku",977,1378
"2020","Merijärvi",148,92
"2020","Merikarvia",455,557
"2020","Miehikkälä",332,203
"2020","Mikkeli",5439,11692
"2020","Muhos",740,1284
"2020","Multia",254,337
"2020","Muonio",370,745
"2020","Korsholm",2249,2941
"2020","Muurame",942,1730
"2020","Mynämäki",1039,1239
"2020","Myrskylä",290,297
"2020","Mäntsälä",2157,3982
"2020","Mänttä-Vilppula",953,2700
"2020","Mäntyharju",838,1247
"2020","Naantali",2084,3631
"2020","Nakkila",583,904
"2020","Nastola",.,.
"2020","Nivala",1119,2233
"2020","Nokia",2575,6698
"2020","Nousiainen",551,523
"2020","Nurmes",1150,1881
"2020","Nurmijärvi",4036,8265
"2020","Närpes",1962,3359
"2020","Orimattila",1898,2956
"2020","Oripää",258,398
"2020","Orivesi",1120,1411
"2020","Oulainen",733,1536
"2020","Oulu",15367,56801
"2020","Outokumpu",581,1376
"2020","Padasjoki",433,443
"2020","Paimio",1081,1987
"2020","Paltamo",396,549
"2020","Pargas",1955,2964
"2020","Parikkala",821,667
"2020","Parkano",935,1833
"2020","Pedersöre",1473,3162
"2020","Pelkosenniemi",147,162
"2020","Pello",482,597
"2020","Perho",350,498
"2020","Pertunmaa",342,342
"2020","Petäjävesi",475,394
"2020","Pieksämäki",1908,3585
"2020","Pielavesi",678,524
"2020","Jakobstad",1791,7209
"2020","Pihtipudas",636,775
"2020","Pirkkala",1847,6057
"2020","Polvijärvi",567,587
"2020","Pomarkku",293,303
"2020","Pori",7486,19810
"2020","Pornainen",557,527
"2020","Porvoo",5381,14278
"2020","Posio",440,587
"2020","Pudasjärvi",948,1321
"2020","Pukkila",309,315
"2020","Punkalaidun",554,674
"2020","Puolanka",310,362
"2020","Puumala",436,331
"2020","Pyhtää",568,683
"2020","Pyhäjoki",395,538
"2020","Pyhäjärvi",650,801
"2020","Pyhäntä",173,749
"2020","Pyhäranta",277,337
"2020","Pälkäne",910,1154
"2020","Pöytyä",1292,1695
"2020","Raahe",1760,7073
"2020","Raseborg",3351,5595
"2020","Raisio",2320,7648
"2020","Rantasalmi",603,687
"2020","Ranua",509,627
"2020","Rauma",3322,12029
"2020","Rautalampi",493,588
"2020","Rautavaara",215,166
"2020","Rautjärvi",398,575
"2020","Reisjärvi",394,494
"2020","Riihimäki",2203,8032
"2020","Ristijärvi",196,181
"2020","Rovaniemi",5603,13871
"2020","Ruokolahti",638,456
"2020","Ruovesi",655,882
"2020","Rusko",762,1653
"2020","Rääkkylä",362,288
"2020","Saarijärvi",1251,1486
"2020","Salla",452,481
"2020","Salo",6172,11661
"2020","Saltvik",243,252
"2020","Sastamala",3299,5177
"2020","Sauvo",494,652
"2020","Savitaipale",554,588
"2020","Savonlinna",3475,7241
"2020","Savukoski",149,166
"2020","Seinäjoki",6828,20227
"2020","Sievi",594,1576
"2020","Siikainen",261,235
"2020","Siikajoki",683,947
"2020","Siikalatva",853,1081
"2020","Siilinjärvi",1606,4062
"2020","Simo",333,277
"2020","Sipoo",2372,4555
"2020","Siuntio",780,897
"2020","Sodankylä",991,2100
"2020","Soini",407,492
"2020","Somero",1426,1733
"2020","Sonkajärvi",558,619
"2020","Sotkamo",1403,3046
"2020","Sottunga",25,11
"2020","Sulkava",491,447
"2020","Sund",150,94
"2020","Suomussalmi",802,1173
"2020","Suonenjoki",845,1634
"2020","Sysmä",647,646
"2020","Säkylä",970,1757
"2020","Taipalsaari",531,396
"2020","Taivalkoski",407,611
"2020","Taivassalo",323,335
"2020","Tammela",837,917
"2020","Tampere",19956,79901
"2020","Tervo",289,203
"2020","Tervola",406,579
"2020","Teuva",828,997
"2020","Tohmajärvi",567,539
"2020","Toholampi",476,622
"2020","Toivakka",265,318
"2020","Tornio",2138,6286
"2020","Turku",16864,62493
"2020","Tuusniemi",383,297
"2020","Tuusula",4122,10378
"2020","Tyrnävä",568,714
"2020","Ulvila",1216,2416
"2020","Urjala",696,906
"2020","Utajärvi",346,399
"2020","Utsjoki",179,170
"2020","Uurainen",409,439
"2020","Nykarleby",1405,2316
"2020","Uusikaupunki",1734,6715
"2020","Vaala",369,369
"2020","Vaasa",5394,20885
"2020","Valkeakoski",1436,3979
"2020","Valtimo",.,.
"2020","Vantaa",17332,91677
"2020","Varkaus",1631,5401
"2020","Vehmaa",412,439
"2020","Vesanto",329,261
"2020","Vesilahti",543,428
"2020","Veteli",536,641
"2020","Vieremä",571,1596
"2020","Vihti",3124,4827
"2020","Viitasaari",890,1275
"2020","Vimpeli",414,599
"2020","Virolahti",485,489
"2020","Virrat",1022,1340
"2020","Vĺrdö",82,97
"2020","Vörĺ",1261,1517
"2020","Ylitornio",523,680
"2020","Ylivieska",1442,4083
"2020","Ylöjärvi",3310,6279
"2020","Ypäjä",378,322
"2020","Ähtäri",837,1466
"2020","Äänekoski",1523,4245
"2020","Unknown",22917,1149
"2021","WHOLE COUNTRY",591518,1390772
"2021","Akaa",1480,2533
"2021","Alajärvi",1356,1889
"2021","Alavieska",320,375
"2021","Alavus",1517,2760
"2021","Asikkala",1081,1457
"2021","Askola",640,839
"2021","Aura",509,751
"2021","Brändö",106,86
"2021","Eckerö",178,139
"2021","Enonkoski",234,181
"2021","Enontekiö",258,243
"2021","Espoo",26190,81470
"2021","Eura",1423,2745
"2021","Eurajoki",1067,2808
"2021","Evijärvi",474,474
"2021","Finström",364,524
"2021","Forssa",1698,5018
"2021","Föglö",87,111
"2021","Geta",83,50
"2021","Haapajärvi",794,1379
"2021","Haapavesi",773,1358
"2021","Hailuoto",147,106
"2021","Halsua",224,198
"2021","Hamina",1753,3422
"2021","Hammarland",254,133
"2021","Hankasalmi",694,680
"2021","Hanko",754,2368
"2021","Harjavalta",582,2398
"2021","Hartola",530,602
"2021","Hattula",953,1171
"2021","Hausjärvi",930,914
"2021","Heinola",1607,3500
"2021","Heinävesi",524,445
"2021","Helsinki",75913,262600
"2021","Hirvensalmi",376,257
"2021","Hollola",2202,3629
"2021","Honkajoki",-,.
"2021","Huittinen",1659,2642
"2021","Humppila",333,275
"2021","Hyrynsalmi",287,225
"2021","Hyvinkää",3796,11617
"2021","Hämeenkoski",.,.
"2021","Hämeenkyrö",1254,1440
"2021","Hämeenlinna",6371,15338
"2021","Ii",840,1172
"2021","Iisalmi",1973,5470
"2021","Iitti",899,1304
"2021","Ikaalinen",1170,1152
"2021","Ilmajoki",1505,1576
"2021","Ilomantsi",606,638
"2021","Imatra",1881,5634
"2021","Inari",798,1289
"2021","Ingĺ",844,757
"2021","Isojoki",407,381
"2021","Isokyrö",751,823
"2021","Jalasjärvi",.,.
"2021","Janakkala",1514,3086
"2021","Joensuu",6289,17951
"2021","Jokioinen",559,826
"2021","Jomala",792,1597
"2021","Joroinen",596,823
"2021","Joutsa",729,703
"2021","Juankoski",.,.
"2021","Juuka",632,726
"2021","Juupajoki",293,437
"2021","Juva",1076,943
"2021","Jyväskylä",11533,33967
"2021","Jyväskylän mlk",-,.
"2021","Jämijärvi",317,258
"2021","Jämsä",2286,4746
"2021","Järvenpää",3491,7140
"2021","Kaarina",3144,5851
"2021","Kaavi",377,448
"2021","Kajaani",2579,7611
"2021","Kalajoki",1682,2803
"2021","Kangasala",2938,4572
"2021","Kangasniemi",1004,875
"2021","Kankaanpää",1868,2776
"2021","Kannonkoski",214,169
"2021","Kannus",673,1266
"2021","Karijoki",231,178
"2021","Karkkila",815,1665
"2021","Karstula",624,770
"2021","Karvia",504,434
"2021","Kaskinen",155,334
"2021","Kauhajoki",1825,2746
"2021","Kauhava",2605,4058
"2021","Kauniainen",1150,955
"2021","Kaustinen",621,911
"2021","Keitele",325,738
"2021","Kemi",1171,5118
"2021","Kemijärvi",684,1041
"2021","Keminmaa",717,2046
"2021","Kimitoön",1137,977
"2021","Kempele",1477,4385
"2021","Kerava",2625,7085
"2021","Keuruu",1080,1662
"2021","Kihniö",336,395
"2021","Kinnula",216,236
"2021","Kirkkonummi",3576,5538
"2021","Kitee",1448,1738
"2021","Kittilä",1050,2101
"2021","Kiuruvesi",1163,1187
"2021","Kivijärvi",140,94
"2021","Kokemäki",937,1364
"2021","Kokkola",4445,11245
"2021","Kolari",672,685
"2021","Konnevesi",457,355
"2021","Kontiolahti",1195,2189
"2021","Korsnäs",481,381
"2021","Koski Tl",482,549
"2021","Kotka",3640,12208
"2021","Kouvola",7265,16511
"2021","Kristinestad",1127,1524
"2021","Kronoby",1063,1495
"2021","Kuhmo",1004,1466
"2021","Kuhmoinen",381,256
"2021","Kumlinge",81,34
"2021","Kuopio",10494,27354
"2021","Kuortane",622,815
"2021","Kurikka",2841,4062
"2021","Kustavi",236,167
"2021","Kuusamo",1808,3628
"2021","Kyyjärvi",189,276
"2021","Kärkölä",527,1121
"2021","Kärsämäki",386,654
"2021","Kökar",49,38
"2021","Köyliö",.,.
"2021","Lahti",9582,30753
"2021","Laihia",861,933
"2021","Laitila",1265,2592
"2021","Lapinjärvi",448,476
"2021","Lapinlahti",1167,1416
"2021","Lappajärvi",485,467
"2021","Lappeenranta",6278,16545
"2021","Lapua",1886,2495
"2021","Laukaa",1692,2978
"2021","Lavia",.,.
"2021","Lemi",356,184
"2021","Lemland",261,107
"2021","Lempäälä",2317,4565
"2021","Leppävirta",1135,1654
"2021","Lestijärvi",150,101
"2021","Lieksa",1069,1918
"2021","Lieto",2260,4396
"2021","Liminka",794,1120
"2021","Liperi",1284,1564
"2021","Lohja",4429,8083
"2021","Loimaa",2330,3856
"2021","Loppi",1013,1088
"2021","Loviisa",1827,2890
"2021","Luhanka",155,70
"2021","Lumijoki",220,239
"2021","Lumparland",64,54
"2021","Larsmo",418,567
"2021","Luumäki",684,709
"2021","Luvia",.,.
"2021","Malax",821,908
"2021","Maaninka",.,.
"2021","Mariehamn",1682,5032
"2021","Marttila",361,250
"2021","Masku",978,1165
"2021","Merijärvi",148,81
"2021","Merikarvia",463,528
"2021","Miehikkälä",336,177
"2021","Mikkeli",5484,10570
"2021","Muhos",743,1189
"2021","Multia",247,322
"2021","Muonio",368,495
"2021","Korsholm",2323,2703
"2021","Muurame",983,1656
"2021","Mynämäki",1047,1117
"2021","Myrskylä",293,266
"2021","Mäntsälä",2143,3410
"2021","Mänttä-Vilppula",940,2583
"2021","Mäntyharju",861,1193
"2021","Naantali",2116,3073
"2021","Nakkila",577,858
"2021","Nastola",.,.
"2021","Nivala",1171,1973
"2021","Nokia",2654,6671
"2021","Nousiainen",545,459
"2021","Nurmes",1108,1696
"2021","Nurmijärvi",4179,7170
"2021","Närpes",1981,3081
"2021","Orimattila",1891,2567
"2021","Oripää",253,329
"2021","Orivesi",1119,1248
"2021","Oulainen",714,1398
"2021","Oulu",15472,53305
"2021","Outokumpu",575,1321
"2021","Padasjoki",449,356
"2021","Paimio",1092,1729
"2021","Paltamo",380,481
"2021","Pargas",1986,2655
"2021","Parikkala",824,560
"2021","Parkano",928,1702
"2021","Pedersöre",1475,2974
"2021","Pelkosenniemi",146,138
"2021","Pello",483,503
"2021","Perho",351,446
"2021","Pertunmaa",339,285
"2021","Petäjävesi",469,315
"2021","Pieksämäki",1967,3209
"2021","Pielavesi",659,478
"2021","Jakobstad",1836,6802
"2021","Pihtipudas",639,695
"2021","Pirkkala",1921,6125
"2021","Polvijärvi",596,469
"2021","Pomarkku",305,264
"2021","Pori",7461,17949
"2021","Pornainen",567,441
"2021","Porvoo",5392,12967
"2021","Posio",436,540
"2021","Pudasjärvi",954,1222
"2021","Pukkila",325,268
"2021","Punkalaidun",549,570
"2021","Puolanka",307,332
"2021","Puumala",459,290
"2021","Pyhtää",554,615
"2021","Pyhäjoki",379,521
"2021","Pyhäjärvi",660,662
"2021","Pyhäntä",167,801
"2021","Pyhäranta",284,273
"2021","Pälkäne",927,951
"2021","Pöytyä",1306,1450
"2021","Raahe",1764,6824
"2021","Raseborg",3363,5127
"2021","Raisio",2349,6830
"2021","Rantasalmi",639,614
"2021","Ranua",507,535
"2021","Rauma",3366,11307
"2021","Rautalampi",530,511
"2021","Rautavaara",208,138
"2021","Rautjärvi",371,538
"2021","Reisjärvi",383,444
"2021","Riihimäki",2209,7556
"2021","Ristijärvi",171,172
"2021","Rovaniemi",5635,12443
"2021","Ruokolahti",625,416
"2021","Ruovesi",680,760
"2021","Rusko",769,1466
"2021","Rääkkylä",353,218
"2021","Saarijärvi",1273,1308
"2021","Salla",444,425
"2021","Salo",6194,11185
"2021","Saltvik",239,246
"2021","Sastamala",3279,4781
"2021","Sauvo",494,496
"2021","Savitaipale",600,620
"2021","Savonlinna",3507,6572
"2021","Savukoski",152,141
"2021","Seinäjoki",6900,18779
"2021","Sievi",577,1495
"2021","Siikainen",260,219
"2021","Siikajoki",676,879
"2021","Siikalatva",836,960
"2021","Siilinjärvi",1665,3737
"2021","Simo",327,229
"2021","Sipoo",2440,3952
"2021","Siuntio",767,626
"2021","Sodankylä",969,1839
"2021","Soini",436,433
"2021","Somero",1404,1515
"2021","Sonkajärvi",541,471
"2021","Sotkamo",1414,2950
"2021","Sottunga",27,10
"2021","Sulkava",490,371
"2021","Sund",145,89
"2021","Suomussalmi",801,1041
"2021","Suonenjoki",863,1391
"2021","Sysmä",646,625
"2021","Säkylä",982,1608
"2021","Taipalsaari",550,328
"2021","Taivalkoski",431,599
"2021","Taivassalo",333,274
"2021","Tammela",839,770
"2021","Tampere",20476,77157
"2021","Tervo",289,155
"2021","Tervola",402,531
"2021","Teuva",809,924
"2021","Tohmajärvi",584,436
"2021","Toholampi",475,551
"2021","Toivakka",275,269
"2021","Tornio",2091,5806
"2021","Turku",17208,57630
"2021","Tuusniemi",396,268
"2021","Tuusula",4180,9072
"2021","Tyrnävä",538,606
"2021","Ulvila",1257,2347
"2021","Urjala",689,764
"2021","Utajärvi",350,369
"2021","Utsjoki",169,129
"2021","Uurainen",406,343
"2021","Nykarleby",1431,2101
"2021","Uusikaupunki",1739,6090
"2021","Vaala",346,308
"2021","Vaasa",5491,20455
"2021","Valkeakoski",1400,3668
"2021","Valtimo",.,.
"2021","Vantaa",17672,83574
"2021","Varkaus",1638,4801
"2021","Vehmaa",419,405
"2021","Vesanto",340,220
"2021","Vesilahti",553,370
"2021","Veteli",526,564
"2021","Vieremä",562,1493
"2021","Vihti",3174,4053
"2021","Viitasaari",869,1234
"2021","Vimpeli",406,544
"2021","Virolahti",468,412
"2021","Virrat",1025,1150
"2021","Vĺrdö",82,69
"2021","Vörĺ",1283,1365
"2021","Ylitornio",517,524
"2021","Ylivieska",1443,4173
"2021","Ylöjärvi",3346,5649
"2021","Ypäjä",399,286
"2021","Ähtäri",840,1402
"2021","Äänekoski",1528,4433
"2021","Unknown",27651,880
"2022","WHOLE COUNTRY",606810,1497449
"2022","Akaa",1549,2787
"2022","Alajärvi",1440,1941
"2022","Alavieska",361,426
"2022","Alavus",1588,2889
"2022","Asikkala",1127,1534
"2022","Askola",664,711
"2022","Aura",532,820
"2022","Brändö",116,78
"2022","Eckerö",195,161
"2022","Enonkoski",258,218
"2022","Enontekiö",275,284
"2022","Espoo",28215,89254
"2022","Eura",1520,2829
"2022","Eurajoki",1144,2852
"2022","Evijärvi",495,497
"2022","Finström",361,523
"2022","Forssa",1770,5193
"2022","Föglö",90,102
"2022","Geta",83,53
"2022","Haapajärvi",865,1461
"2022","Haapavesi",852,1426
"2022","Hailuoto",179,121
"2022","Halsua",231,191
"2022","Hamina",1882,3557
"2022","Hammarland",263,154
"2022","Hankasalmi",755,670
"2022","Hanko",791,2470
"2022","Harjavalta",605,2517
"2022","Hartola",549,546
"2022","Hattula",1036,1331
"2022","Hausjärvi",971,1027
"2022","Heinola",1709,3831
"2022","Heinävesi",597,434
"2022","Helsinki",81151,286214
"2022","Hirvensalmi",412,265
"2022","Hollola",2321,3753
"2022","Honkajoki",-,...
"2022","Huittinen",1718,2639
"2022","Humppila",348,295
"2022","Hyrynsalmi",319,225
"2022","Hyvinkää",4021,12336
"2022","Hämeenkoski",.,.
"2022","Hämeenkyrö",1281,1508
"2022","Hämeenlinna",6770,16625
"2022","Ii",973,1247
"2022","Iisalmi",2137,5738
"2022","Iitti",957,1380
"2022","Ikaalinen",1227,1183
"2022","Ilmajoki",1574,1671
"2022","Ilomantsi",660,678
"2022","Imatra",1924,5976
"2022","Inari",883,1538
"2022","Ingĺ",881,821
"2022","Isojoki",447,390
"2022","Isokyrö",758,852
"2022","Jalasjärvi",-,...
"2022","Janakkala",1563,3138
"2022","Joensuu",7002,19091
"2022","Jokioinen",598,860
"2022","Jomala",840,1685
"2022","Joroinen",660,862
"2022","Joutsa",795,694
"2022","Juankoski",.,.
"2022","Juuka",692,742
"2022","Juupajoki",301,467
"2022","Juva",1193,966
"2022","Jyväskylä",12653,36973
"2022","Jyväskylän mlk",.,.
"2022","Jämijärvi",346,263
"2022","Jämsä",2371,4762
"2022","Järvenpää",3735,7666
"2022","Kaarina",3341,6631
"2022","Kaavi",412,511
"2022","Kajaani",2758,8028
"2022","Kalajoki",1796,3051
"2022","Kangasala",3162,5061
"2022","Kangasniemi",1078,897
"2022","Kankaanpää",1909,3045
"2022","Kannonkoski",232,201
"2022","Kannus",713,1360
"2022","Karijoki",251,186
"2022","Karkkila",874,1828
"2022","Karstula",686,786
"2022","Karvia",517,448
"2022","Kaskinen",165,284
"2022","Kauhajoki",1911,2928
"2022","Kauhava",2662,4190
"2022","Kauniainen",1208,984
"2022","Kaustinen",663,929
"2022","Keitele",351,753
"2022","Kemi",1222,5231
"2022","Kemijärvi",744,1093
"2022","Keminmaa",806,2079
"2022","Kimitoön",1186,1077
"2022","Kempele",1639,4763
"2022","Kerava",2797,7615
"2022","Keuruu",1199,1822
"2022","Kihniö",345,393
"2022","Kinnula",245,224
"2022","Kirkkonummi",3825,6117
"2022","Kitee",1597,1730
"2022","Kittilä",1144,2300
"2022","Kiuruvesi",1264,1264
"2022","Kivijärvi",156,101
"2022","Kokemäki",996,1404
"2022","Kokkola",4743,11675
"2022","Kolari",738,835
"2022","Konnevesi",490,385
"2022","Kontiolahti",1352,2314
"2022","Korsnäs",496,365
"2022","Koski Tl",483,605
"2022","Kotka",3764,12783
"2022","Kouvola",7720,17044
"2022","Kristinestad",1191,1603
"2022","Kronoby",1136,1529
"2022","Kuhmo",1087,1433
"2022","Kuhmoinen",406,276
"2022","Kumlinge",80,31
"2022","Kuopio",11551,29851
"2022","Kuortane",658,838
"2022","Kurikka",2973,4205
"2022","Kustavi",237,159
"2022","Kuusamo",2067,3939
"2022","Kyyjärvi",218,269
"2022","Kärkölä",564,1238
"2022","Kärsämäki",417,689
"2022","Kökar",55,38
"2022","Köyliö",.,.
"2022","Lahti",10116,32826
"2022","Laihia",924,971
"2022","Laitila",1323,2695
"2022","Lapinjärvi",463,524
"2022","Lapinlahti",1272,1535
"2022","Lappajärvi",515,473
"2022","Lappeenranta",6848,17833
"2022","Lapua",1964,2642
"2022","Laukaa",1841,3152
"2022","Lavia",-,...
"2022","Lemi",392,190
"2022","Lemland",274,120
"2022","Lempäälä",2521,5287
"2022","Leppävirta",1245,1792
"2022","Lestijärvi",162,105
"2022","Lieksa",1155,1924
"2022","Lieto",2387,4682
"2022","Liminka",879,1324
"2022","Liperi",1414,1698
"2022","Lohja",4725,8595
"2022","Loimaa",2407,4005
"2022","Loppi",1068,1168
"2022","Loviisa",1915,3020
"2022","Luhanka",174,75
"2022","Lumijoki",224,264
"2022","Lumparland",69,60
"2022","Larsmo",454,640
"2022","Luumäki",721,728
"2022","Luvia",.,.
"2022","Malax",877,912
"2022","Maaninka",-,...
"2022","Mariehamn",1740,5861
"2022","Marttila",381,256
"2022","Masku",1017,1262
"2022","Merijärvi",151,98
"2022","Merikarvia",479,513
"2022","Miehikkälä",364,171
"2022","Mikkeli",6022,10988
"2022","Muhos",790,1312
"2022","Multia",271,332
"2022","Muonio",390,618
"2022","Korsholm",2467,2754
"2022","Muurame",1080,1812
"2022","Mynämäki",1093,1198
"2022","Myrskylä",307,274
"2022","Mäntsälä",2299,3537
"2022","Mänttä-Vilppula",992,2670
"2022","Mäntyharju",926,1234
"2022","Naantali",2209,3303
"2022","Nakkila",607,851
"2022","Nastola",.,.
"2022","Nivala",1269,2245
"2022","Nokia",2839,7237
"2022","Nousiainen",577,515
"2022","Nurmes",1223,1773
"2022","Nurmijärvi",4463,7795
"2022","Närpes",2034,3177
"2022","Orimattila",2021,2837
"2022","Oripää",273,346
"2022","Orivesi",1184,1300
"2022","Oulainen",765,1391
"2022","Oulu",17122,57516
"2022","Outokumpu",619,1381
"2022","Padasjoki",476,375
"2022","Paimio",1151,1823
"2022","Paltamo",430,471
"2022","Pargas",2086,2718
"2022","Parikkala",884,563
"2022","Parkano",1000,1798
"2022","Pedersöre",1533,3189
"2022","Pelkosenniemi",176,195
"2022","Pello",538,518
"2022","Perho",395,479
"2022","Pertunmaa",388,315
"2022","Petäjävesi",502,340
"2022","Pieksämäki",2094,3269
"2022","Pielavesi",756,554
"2022","Jakobstad",1951,7132
"2022","Pihtipudas",721,741
"2022","Pirkkala",2093,6507
"2022","Polvijärvi",646,481
"2022","Pomarkku",313,278
"2022","Pori",7901,19450
"2022","Pornainen",616,538
"2022","Porvoo",5750,13382
"2022","Posio",490,554
"2022","Pudasjärvi",1132,1238
"2022","Pukkila",329,303
"2022","Punkalaidun",577,563
"2022","Puolanka",369,328
"2022","Puumala",493,291
"2022","Pyhtää",590,666
"2022","Pyhäjoki",427,639
"2022","Pyhäjärvi",726,663
"2022","Pyhäntä",177,883
"2022","Pyhäranta",281,235
"2022","Pälkäne",969,994
"2022","Pöytyä",1370,1443
"2022","Raahe",1908,7193
"2022","Raseborg",3509,5461
"2022","Raisio",2453,7217
"2022","Rantasalmi",699,594
"2022","Ranua",543,573
"2022","Rauma",3543,11400
"2022","Rautalampi",550,543
"2022","Rautavaara",225,149
"2022","Rautjärvi",389,543
"2022","Reisjärvi",424,487
"2022","Riihimäki",2307,7932
"2022","Ristijärvi",192,167
"2022","Rovaniemi",6146,13950
"2022","Ruokolahti",680,448
"2022","Ruovesi",716,787
"2022","Rusko",772,1574
"2022","Rääkkylä",407,205
"2022","Saarijärvi",1343,1344
"2022","Salla",499,448
"2022","Salo",6450,11765
"2022","Saltvik",241,280
"2022","Sastamala",3470,5022
"2022","Sauvo",507,504
"2022","Savitaipale",652,567
"2022","Savonlinna",3798,6890
"2022","Savukoski",166,131
"2022","Seinäjoki",7350,20195
"2022","Sievi",630,1599
"2022","Siikainen",288,196
"2022","Siikajoki",741,929
"2022","Siikalatva",883,980
"2022","Siilinjärvi",1876,3951
"2022","Simo",350,237
"2022","Sipoo",2626,4303
"2022","Siuntio",841,715
"2022","Sodankylä",1033,2027
"2022","Soini",465,454
"2022","Somero",1469,1614
"2022","Sonkajärvi",603,500
"2022","Sotkamo",1540,3142
"2022","Sottunga",26,7
"2022","Sulkava",483,386
"2022","Sund",156,107
"2022","Suomussalmi",890,1075
"2022","Suonenjoki",912,1421
"2022","Sysmä",697,642
"2022","Säkylä",1040,1629
"2022","Taipalsaari",585,354
"2022","Taivalkoski",548,499
"2022","Taivassalo",346,290
"2022","Tammela",890,852
"2022","Tampere",22216,84048
"2022","Tervo",308,137
"2022","Tervola",437,575
"2022","Teuva",836,974
"2022","Tohmajärvi",658,478
"2022","Toholampi",510,573
"2022","Toivakka",318,289
"2022","Tornio",2191,6033
"2022","Turku",18420,63184
"2022","Tuusniemi",461,285
"2022","Tuusula",4479,9867
"2022","Tyrnävä",601,696
"2022","Ulvila",1346,2532
"2022","Urjala",733,823
"2022","Utajärvi",387,396
"2022","Utsjoki",177,128
"2022","Uurainen",406,389
"2022","Nykarleby",1469,2121
"2022","Uusikaupunki",1809,5975
"2022","Vaala",390,330
"2022","Vaasa",5863,21967
"2022","Valkeakoski",1503,3767
"2022","Valtimo",-,...
"2022","Vantaa",19217,94396
"2022","Varkaus",1676,5259
"2022","Vehmaa",442,430
"2022","Vesanto",377,239
"2022","Vesilahti",610,450
"2022","Veteli",536,569
"2022","Vieremä",620,1515
"2022","Vihti",3311,4409
"2022","Viitasaari",922,1256
"2022","Vimpeli",419,559
"2022","Virolahti",500,411
"2022","Virrat",1088,1204
"2022","Vĺrdö",78,69
"2022","Vörĺ",1334,1425
"2022","Ylitornio",559,552
"2022","Ylivieska",1583,4403
"2022","Ylöjärvi",3501,6375
"2022","Ypäjä",414,290
"2022","Ähtäri",898,1452
"2022","Äänekoski",1658,4250
"2022","Unknown",2311,585
"2023","WHOLE COUNTRY",615780,1513137
"2023","Akaa",1515,2752
"2023","Alajärvi",1418,1891
"2023","Alavieska",344,419
"2023","Alavus",1527,2908
"2023","Asikkala",1090,1349
"2023","Askola",663,686
"2023","Aura",501,782
"2023","Brändö",120,79
"2023","Eckerö",194,161
"2023","Enonkoski",239,201
"2023","Enontekiö",275,304
"2023","Espoo",28422,91617
"2023","Eura",1457,2831
"2023","Eurajoki",1102,2722
"2023","Evijärvi",499,506
"2023","Finström",362,553
"2023","Forssa",1728,5111
"2023","Föglö",89,108
"2023","Geta",89,62
"2023","Haapajärvi",873,1415
"2023","Haapavesi",799,1462
"2023","Hailuoto",176,106
"2023","Halsua",238,190
"2023","Hamina",1836,3452
"2023","Hammarland",258,149
"2023","Hankasalmi",742,683
"2023","Hanko",797,2425
"2023","Harjavalta",601,2586
"2023","Hartola",526,536
"2023","Hattula",990,1339
"2023","Hausjärvi",941,999
"2023","Heinola",1707,3960
"2023","Heinävesi",572,474
"2023","Helsinki",81451,288879
"2023","Hirvensalmi",398,257
"2023","Hollola",2309,3822
"2023","Honkajoki",-,...
"2023","Huittinen",1680,2608
"2023","Humppila",323,290
"2023","Hyrynsalmi",329,229
"2023","Hyvinkää",4006,12427
"2023","Hämeenkoski",.,.
"2023","Hämeenkyrö",1268,1513
"2023","Hämeenlinna",6667,16767
"2023","Ii",964,1250
"2023","Iisalmi",2044,5668
"2023","Iitti",911,1232
"2023","Ikaalinen",1191,1207
"2023","Ilmajoki",1548,1667
"2023","Ilomantsi",644,746
"2023","Imatra",1894,5698
"2023","Inari",903,1627
"2023","Ingĺ",880,792
"2023","Isojoki",420,424
"2023","Isokyrö",757,868
"2023","Jalasjärvi",.,.
"2023","Janakkala",1524,3172
"2023","Joensuu",6829,19132
"2023","Jokioinen",569,755
"2023","Jomala",865,1632
"2023","Joroinen",621,854
"2023","Joutsa",758,723
"2023","Juankoski",.,.
"2023","Juuka",698,772
"2023","Juupajoki",297,495
"2023","Juva",1147,965
"2023","Jyväskylä",12693,37006
"2023","Jyväskylän mlk",.,.
"2023","Jämijärvi",339,281
"2023","Jämsä",2315,4812
"2023","Järvenpää",3693,7890
"2023","Kaarina",3398,6773
"2023","Kaavi",412,494
"2023","Kajaani",2771,8131
"2023","Kalajoki",1743,2920
"2023","Kangasala",3148,5006
"2023","Kangasniemi",1007,902
"2023","Kankaanpää",1889,3103
"2023","Kannonkoski",218,207
"2023","Kannus",685,1414
"2023","Karijoki",245,171
"2023","Karkkila",867,1844
"2023","Karstula",672,774
"2023","Karvia",491,430
"2023","Kaskinen",165,277
"2023","Kauhajoki",1868,3160
"2023","Kauhava",2620,4219
"2023","Kauniainen",1208,997
"2023","Kaustinen",660,945
"2023","Keitele",326,709
"2023","Kemi",1220,4954
"2023","Kemijärvi",753,1111
"2023","Keminmaa",754,2154
"2023","Kimitoön",1183,1089
"2023","Kempele",1655,4930
"2023","Kerava",2789,7907
"2023","Keuruu",1149,1795
"2023","Kihniö",343,438
"2023","Kinnula",245,221
"2023","Kirkkonummi",3823,6196
"2023","Kitee",1598,1762
"2023","Kittilä",1170,2403
"2023","Kiuruvesi",1220,1192
"2023","Kivijärvi",156,100
"2023","Kokemäki",974,1391
"2023","Kokkola",4711,11690
"2023","Kolari",754,878
"2023","Konnevesi",469,401
"2023","Kontiolahti",1324,2370
"2023","Korsnäs",473,331
"2023","Koski Tl",466,588
"2023","Kotka",3740,12768
"2023","Kouvola",7499,16756
"2023","Kristinestad",1111,1621
"2023","Kronoby",1125,1493
"2023","Kuhmo",1018,1415
"2023","Kuhmoinen",391,245
"2023","Kumlinge",77,36
"2023","Kuopio",11396,29864
"2023","Kuortane",624,830
"2023","Kurikka",2898,4224
"2023","Kustavi",231,172
"2023","Kuusamo",2049,3798
"2023","Kyyjärvi",210,231
"2023","Kärkölä",539,1248
"2023","Kärsämäki",410,721
"2023","Kökar",55,38
"2023","Köyliö",.,.
"2023","Lahti",10094,32903
"2023","Laihia",890,1008
"2023","Laitila",1284,2778
"2023","Lapinjärvi",468,546
"2023","Lapinlahti",1226,1551
"2023","Lappajärvi",486,482
"2023","Lappeenranta",6648,18078
"2023","Lapua",1903,2615
"2023","Laukaa",1787,3087
"2023","Lavia",.,.
"2023","Lemi",366,203
"2023","Lemland",280,111
"2023","Lempäälä",2508,5296
"2023","Leppävirta",1189,1789
"2023","Lestijärvi",138,106
"2023","Lieksa",1136,1866
"2023","Lieto",2385,4617
"2023","Liminka",882,1195
"2023","Liperi",1409,1742
"2023","Lohja",4674,8461
"2023","Loimaa",2329,4087
"2023","Loppi",1037,1179
"2023","Loviisa",1890,3120
"2023","Luhanka",157,84
"2023","Lumijoki",224,247
"2023","Lumparland",67,59
"2023","Larsmo",453,664
"2023","Luumäki",708,741
"2023","Luvia",-,...
"2023","Malax",865,899
"2023","Maaninka",.,.
"2023","Mariehamn",1767,5987
"2023","Marttila",372,271
"2023","Masku",985,1406
"2023","Merijärvi",160,94
"2023","Merikarvia",474,537
"2023","Miehikkälä",361,167
"2023","Mikkeli",5812,11247
"2023","Muhos",780,1278
"2023","Multia",256,342
"2023","Muonio",394,665
"2023","Korsholm",2451,2855
"2023","Muurame",1061,1834
"2023","Mynämäki",1045,1110
"2023","Myrskylä",300,274
"2023","Mäntsälä",2265,3543
"2023","Mänttä-Vilppula",987,2570
"2023","Mäntyharju",891,1219
"2023","Naantali",2197,3297
"2023","Nakkila",584,853
"2023","Nastola",-,...
"2023","Nivala",1265,2222
"2023","Nokia",2830,7321
"2023","Nousiainen",573,520
"2023","Nurmes",1160,1802
"2023","Nurmijärvi",4495,7869
"2023","Närpes",1948,3234
"2023","Orimattila",1951,2877
"2023","Oripää",252,337
"2023","Orivesi",1137,1253
"2023","Oulainen",737,1293
"2023","Oulu",17119,58986
"2023","Outokumpu",602,1391
"2023","Padasjoki",482,370
"2023","Paimio",1131,1966
"2023","Paltamo",394,452
"2023","Pargas",2064,2687
"2023","Parikkala",839,554
"2023","Parkano",992,1732
"2023","Pedersöre",1538,3140
"2023","Pelkosenniemi",180,179
"2023","Pello",538,497
"2023","Perho",391,448
"2023","Pertunmaa",371,307
"2023","Petäjävesi",490,329
"2023","Pieksämäki",1988,3337
"2023","Pielavesi",722,539
"2023","Jakobstad",1896,7358
"2023","Pihtipudas",682,791
"2023","Pirkkala",2160,6807
"2023","Polvijärvi",638,481
"2023","Pomarkku",318,297
"2023","Pori",7831,19472
"2023","Pornainen",613,529
"2023","Porvoo",5705,13575
"2023","Posio",473,543
"2023","Pudasjärvi",1074,1241
"2023","Pukkila",328,300
"2023","Punkalaidun",563,560
"2023","Puolanka",346,297
"2023","Puumala",486,294
"2023","Pyhtää",597,656
"2023","Pyhäjoki",391,347
"2023","Pyhäjärvi",715,617
"2023","Pyhäntä",178,731
"2023","Pyhäranta",283,241
"2023","Pälkäne",950,977
"2023","Pöytyä",1330,1370
"2023","Raahe",1895,7058
"2023","Raseborg",3448,5444
"2023","Raisio",2478,7524
"2023","Rantasalmi",663,597
"2023","Ranua",513,553
"2023","Rauma",3456,11507
"2023","Rautalampi",539,501
"2023","Rautavaara",211,152
"2023","Rautjärvi",381,552
"2023","Reisjärvi",412,475
"2023","Riihimäki",2295,7916
"2023","Ristijärvi",193,168
"2023","Rovaniemi",6199,14573
"2023","Ruokolahti",655,454
"2023","Ruovesi",704,785
"2023","Rusko",760,1509
"2023","Rääkkylä",399,214
"2023","Saarijärvi",1266,1431
"2023","Salla",519,465
"2023","Salo",6351,11900
"2023","Saltvik",244,281
"2023","Sastamala",3377,4930
"2023","Sauvo",480,506
"2023","Savitaipale",587,575
"2023","Savonlinna",3678,6829
"2023","Savukoski",177,129
"2023","Seinäjoki",7325,20326
"2023","Sievi",607,1578
"2023","Siikainen",262,198
"2023","Siikajoki",727,951
"2023","Siikalatva",866,990
"2023","Siilinjärvi",1807,3980
"2023","Simo",341,220
"2023","Sipoo",2579,4440
"2023","Siuntio",844,712
"2023","Sodankylä",1059,2175
"2023","Soini",459,425
"2023","Somero",1424,1645
"2023","Sonkajärvi",584,516
"2023","Sotkamo",1489,3123
"2023","Sottunga",26,8
"2023","Sulkava",482,376
"2023","Sund",152,92
"2023","Suomussalmi",855,1051
"2023","Suonenjoki",899,1397
"2023","Sysmä",668,632
"2023","Säkylä",1018,1618
"2023","Taipalsaari",538,356
"2023","Taivalkoski",444,571
"2023","Taivassalo",326,314
"2023","Tammela",875,860
"2023","Tampere",22355,85112
"2023","Tervo",314,175
"2023","Tervola",421,581
"2023","Teuva",793,922
"2023","Tohmajärvi",644,495
"2023","Toholampi",507,559
"2023","Toivakka",305,350
"2023","Tornio",2188,6165
"2023","Turku",18328,63748
"2023","Tuusniemi",413,289
"2023","Tuusula",4527,9899
"2023","Tyrnävä",585,661
"2023","Ulvila",1293,2597
"2023","Urjala",714,824
"2023","Utajärvi",369,390
"2023","Utsjoki",177,134
"2023","Uurainen",410,363
"2023","Nykarleby",1452,2111
"2023","Uusikaupunki",1742,5382
"2023","Vaala",371,312
"2023","Vaasa",5820,22780
"2023","Valkeakoski",1500,3638
"2023","Valtimo",.,.
"2023","Vantaa",19467,98232
"2023","Varkaus",1649,5351
"2023","Vehmaa",417,411
"2023","Vesanto",370,229
"2023","Vesilahti",620,499
"2023","Veteli",518,580
"2023","Vieremä",617,1503
"2023","Vihti",3241,4360
"2023","Viitasaari",873,1238
"2023","Vimpeli",421,550
"2023","Virolahti",471,360
"2023","Virrat",1063,1172
"2023","Vĺrdö",82,69
"2023","Vörĺ",1324,1449
"2023","Ylitornio",555,563
"2023","Ylivieska",1568,4157
"2023","Ylöjärvi",3458,6577
"2023","Ypäjä",393,318
"2023","Ähtäri",844,1331
"2023","Äänekoski",1571,4443
"2023","Unknown",17503,1388
"2024","WHOLE COUNTRY",647833,1489950
"2024","Akaa",1510,2687
"2024","Alajärvi",1395,1860
"2024","Alavieska",338,385
"2024","Alavus",1509,2654
"2024","Asikkala",1099,1277
"2024","Askola",657,622
"2024","Aura",484,732
"2024","Brändö",114,73
"2024","Eckerö",198,162
"2024","Enonkoski",248,188
"2024","Enontekiö",290,316
"2024","Espoo",28882,91089
"2024","Eura",1475,2617
"2024","Eurajoki",1103,2713
"2024","Evijärvi",492,476
"2024","Finström",371,554
"2024","Forssa",1715,4783
"2024","Föglö",91,101
"2024","Geta",94,61
"2024","Haapajärvi",830,1391
"2024","Haapavesi",809,1437
"2024","Hailuoto",179,101
"2024","Halsua",224,165
"2024","Hamina",1834,3392
"2024","Hammarland",270,139
"2024","Hankasalmi",723,673
"2024","Hanko",816,2479
"2024","Harjavalta",602,2547
"2024","Hartola",499,477
"2024","Hattula",1009,1264
"2024","Hausjärvi",928,917
"2024","Heinola",1693,3812
"2024","Heinävesi",571,457
"2024","Helsinki",81516,283522
"2024","Hirvensalmi",412,274
"2024","Hollola",2265,3683
"2024","Honkajoki",.,.
"2024","Huittinen",1685,2570
"2024","Humppila",327,292
"2024","Hyrynsalmi",335,221
"2024","Hyvinkää",4039,12044
"2024","Hämeenkoski",.,.
"2024","Hämeenkyrö",1287,1476
"2024","Hämeenlinna",6685,16746
"2024","Ii",929,1183
"2024","Iisalmi",2021,5487
"2024","Iitti",906,1181
"2024","Ikaalinen",1186,1158
"2024","Ilmajoki",1528,1597
"2024","Ilomantsi",635,653
"2024","Imatra",1862,5699
"2024","Inari",945,1677
"2024","Ingĺ",870,743
"2024","Isojoki",403,377
"2024","Isokyrö",741,751
"2024","Jalasjärvi",.,.
"2024","Janakkala",1531,2967
"2024","Joensuu",6915,18955
"2024","Jokioinen",588,761
"2024","Jomala",877,1605
"2024","Joroinen",638,834
"2024","Joutsa",756,725
"2024","Juankoski",.,.
"2024","Juuka",678,715
"2024","Juupajoki",280,483
"2024","Juva",1122,921
"2024","Jyväskylä",12918,36344
"2024","Jyväskylän mlk",.,.
"2024","Jämijärvi",333,280
"2024","Jämsä",2306,4417
"2024","Järvenpää",3673,7543
"2024","Kaarina",3440,6720
"2024","Kaavi",413,481
"2024","Kajaani",2806,7902
"2024","Kalajoki",1754,2760
"2024","Kangasala",3248,5092
"2024","Kangasniemi",1045,846
"2024","Kankaanpää",1872,2992
"2024","Kannonkoski",217,181
"2024","Kannus",682,1377
"2024","Karijoki",247,180
"2024","Karkkila",863,1749
"2024","Karstula",661,731
"2024","Karvia",476,410
"2024","Kaskinen",161,274
"2024","Kauhajoki",1841,2990
"2024","Kauhava",2575,3932
"2024","Kauniainen",1214,962
"2024","Kaustinen",664,991
"2024","Keitele",332,673
"2024","Kemi",1208,4881
"2024","Kemijärvi",720,1103
"2024","Keminmaa",763,2227
"2024","Kimitoön",1171,1003
"2024","Kempele",1714,4983
"2024","Kerava",2838,7433
"2024","Keuruu",1145,1673
"2024","Kihniö",348,411
"2024","Kinnula",248,189
"2024","Kirkkonummi",3868,6007
"2024","Kitee",1512,1686
"2024","Kittilä",1225,2642
"2024","Kiuruvesi",1210,1174
"2024","Kivijärvi",147,95
"2024","Kokemäki",950,1310
"2024","Kokkola",4734,11828
"2024","Kolari",746,866
"2024","Konnevesi",473,413
"2024","Kontiolahti",1349,2243
"2024","Korsnäs",464,306
"2024","Koski Tl",474,565
"2024","Kotka",3778,12197
"2024","Kouvola",7491,16521
"2024","Kristinestad",1100,1546
"2024","Kronoby",1117,1432
"2024","Kuhmo",985,1384
"2024","Kuhmoinen",408,230
"2024","Kumlinge",79,39
"2024","Kuopio",11562,29737
"2024","Kuortane",624,810
"2024","Kurikka",2849,4058
"2024","Kustavi",243,181
"2024","Kuusamo",2063,3802
"2024","Kyyjärvi",203,191
"2024","Kärkölä",542,1126
"2024","Kärsämäki",412,674
"2024","Kökar",54,39
"2024","Köyliö",.,.
"2024","Lahti",10187,32285
"2024","Laihia",890,972
"2024","Laitila",1287,2677
"2024","Lapinjärvi",464,536
"2024","Lapinlahti",1269,1518
"2024","Lappajärvi",481,426
"2024","Lappeenranta",6599,17667
"2024","Lapua",1851,2536
"2024","Laukaa",1831,2978
"2024","Lavia",.,.
"2024","Lemi",378,191
"2024","Lemland",282,107
"2024","Lempäälä",2509,5216
"2024","Leppävirta",1183,1737
"2024","Lestijärvi",133,95
"2024","Lieksa",1137,1873
"2024","Lieto",2396,4899
"2024","Liminka",908,1172
"2024","Liperi",1416,1648
"2024","Lohja",4672,8310
"2024","Loimaa",2338,3833
"2024","Loppi",1033,1032
"2024","Loviisa",1922,2990
"2024","Luhanka",162,72
"2024","Lumijoki",226,236
"2024","Lumparland",68,52
"2024","Larsmo",462,539
"2024","Luumäki",708,688
"2024","Luvia",.,.
"2024","Malax",881,896
"2024","Maaninka",.,.
"2024","Mariehamn",1778,6314
"2024","Marttila",377,229
"2024","Masku",1001,1435
"2024","Merijärvi",148,88
"2024","Merikarvia",482,440
"2024","Miehikkälä",367,162
"2024","Mikkeli",5879,11047
"2024","Muhos",806,1224
"2024","Multia",263,373
"2024","Muonio",374,666
"2024","Korsholm",2512,2844
"2024","Muurame",1047,1719
"2024","Mynämäki",1051,1075
"2024","Myrskylä",307,266
"2024","Mäntsälä",2246,3349
"2024","Mänttä-Vilppula",981,2388
"2024","Mäntyharju",905,1235
"2024","Naantali",2204,3190
"2024","Nakkila",573,819
"2024","Nastola",.,.
"2024","Nivala",1249,2289
"2024","Nokia",2823,7505
"2024","Nousiainen",575,497
"2024","Nurmes",1155,1745
"2024","Nurmijärvi",4540,7840
"2024","Närpes",1968,3308
"2024","Orimattila",1909,2674
"2024","Oripää",243,336
"2024","Orivesi",1120,1233
"2024","Oulainen",740,1440
"2024","Oulu",17372,58168
"2024","Outokumpu",606,1315
"2024","Padasjoki",479,353
"2024","Paimio",1127,1742
"2024","Paltamo",436,404
"2024","Pargas",2066,2568
"2024","Parikkala",841,528
"2024","Parkano",975,1656
"2024","Pedersöre",1521,3066
"2024","Pelkosenniemi",193,233
"2024","Pello",524,478
"2024","Perho",370,430
"2024","Pertunmaa",352,257
"2024","Petäjävesi",487,295
"2024","Pieksämäki",1982,3276
"2024","Pielavesi",695,507
"2024","Jakobstad",1931,7655
"2024","Pihtipudas",667,741
"2024","Pirkkala",2262,7146
"2024","Polvijärvi",615,439
"2024","Pomarkku",306,267
"2024","Pori",7794,18964
"2024","Pornainen",597,557
"2024","Porvoo",5733,13501
"2024","Posio",476,591
"2024","Pudasjärvi",1002,1132
"2024","Pukkila",330,280
"2024","Punkalaidun",565,523
"2024","Puolanka",353,335
"2024","Puumala",464,279
"2024","Pyhtää",587,632
"2024","Pyhäjoki",388,323
"2024","Pyhäjärvi",707,622
"2024","Pyhäntä",178,623
"2024","Pyhäranta",296,241
"2024","Pälkäne",942,908
"2024","Pöytyä",1331,1306
"2024","Raahe",1884,6482
"2024","Raseborg",3515,5332
"2024","Raisio",2519,7620
"2024","Rantasalmi",651,575
"2024","Ranua",531,550
"2024","Rauma",3509,11452
"2024","Rautalampi",520,509
"2024","Rautavaara",207,139
"2024","Rautjärvi",379,543
"2024","Reisjärvi",407,510
"2024","Riihimäki",2242,7783
"2024","Ristijärvi",185,134
"2024","Rovaniemi",6334,14736
"2024","Ruokolahti",679,429
"2024","Ruovesi",681,743
"2024","Rusko",742,1511
"2024","Rääkkylä",395,206
"2024","Saarijärvi",1294,1376
"2024","Salla",520,449
"2024","Salo",6317,11709
"2024","Saltvik",248,271
"2024","Sastamala",3351,4704
"2024","Sauvo",466,474
"2024","Savitaipale",589,453
"2024","Savonlinna",3681,6598
"2024","Savukoski",178,137
"2024","Seinäjoki",7413,20140
"2024","Sievi",617,1331
"2024","Siikainen",262,192
"2024","Siikajoki",690,913
"2024","Siikalatva",874,1028
"2024","Siilinjärvi",1852,3818
"2024","Simo",339,195
"2024","Sipoo",2641,4475
"2024","Siuntio",819,692
"2024","Sodankylä",1063,2208
"2024","Soini",437,436
"2024","Somero",1411,1475
"2024","Sonkajärvi",574,510
"2024","Sotkamo",1496,3200
"2024","Sottunga",30,8
"2024","Sulkava",485,365
"2024","Sund",157,82
"2024","Suomussalmi",831,946
"2024","Suonenjoki",884,1345
"2024","Sysmä",666,575
"2024","Säkylä",999,1640
"2024","Taipalsaari",536,329
"2024","Taivalkoski",444,546
"2024","Taivassalo",326,273
"2024","Tammela",867,897
"2024","Tampere",22647,83695
"2024","Tervo",313,145
"2024","Tervola",428,555
"2024","Teuva",774,876
"2024","Tohmajärvi",616,441
"2024","Toholampi",505,575
"2024","Toivakka",339,323
"2024","Tornio",2202,6176
"2024","Turku",18575,63621
"2024","Tuusniemi",422,284
"2024","Tuusula",4657,9973
"2024","Tyrnävä",576,579
"2024","Ulvila",1265,2473
"2024","Urjala",688,840
"2024","Utajärvi",353,366
"2024","Utsjoki",172,140
"2024","Uurainen",415,336
"2024","Nykarleby",1423,2077
"2024","Uusikaupunki",1722,4844
"2024","Vaala",368,289
"2024","Vaasa",6017,22975
"2024","Valkeakoski",1534,3681
"2024","Valtimo",.,.
"2024","Vantaa",19664,95494
"2024","Varkaus",1655,5191
"2024","Vehmaa",420,390
"2024","Vesanto",359,215
"2024","Vesilahti",615,460
"2024","Veteli",539,541
"2024","Vieremä",601,1451
"2024","Vihti",3292,4291
"2024","Viitasaari",866,1192
"2024","Vimpeli",411,531
"2024","Virolahti",440,282
"2024","Virrat",1033,1135
"2024","Vĺrdö",87,70
"2024","Vörĺ",1323,1351
"2024","Ylitornio",549,561
"2024","Ylivieska",1590,4078
"2024","Ylöjärvi",3506,6374
"2024","Ypäjä",383,231
"2024","Ähtäri",844,1298
"2024","Äänekoski",1556,4641
"2024","Unknown",46934,5887
