"Year","Area","Population"
"2020","WHOLE COUNTRY",5533793
"2020","Akaa",16391
"2020","Alajärvi",9419
"2020","Alavieska",2517
"2020","Alavus",11332
"2020","Asikkala",8059
"2020","Askola",4878
"2020","Aura",3959
"2020","Brändö",449
"2020","Eckerö",958
"2020","Enonkoski",1369
"2020","Enontekiö",1808
"2020","Espoo",292796
"2020","Eura",11483
"2020","Eurajoki",9452
"2020","Evijärvi",2408
"2020","Finström",2603
"2020","Forssa",16800
"2020","Föglö",526
"2020","Geta",511
"2020","Haapajärvi",6896
"2020","Haapavesi",6667
"2020","Hailuoto",949
"2020","Halsua",1103
"2020","Hamina",19877
"2020","Hammarland",1599
"2020","Hankasalmi",4782
"2020","Hanko",8042
"2020","Harjavalta",6869
"2020","Hartola",2655
"2020","Hattula",9389
"2020","Hausjärvi",8175
"2020","Heinola",18497
"2020","Heinävesi",3196
"2020","Helsinki",656920
"2020","Hirvensalmi",2156
"2020","Hollola",23251
"2020","Huittinen",9937
"2020","Humppila",2174
"2020","Hyrynsalmi",2199
"2020","Hyvinkää",46576
"2020","Hämeenkyrö",10344
"2020","Hämeenlinna",67848
"2020","Ii",9848
"2020","Iisalmi",21124
"2020","Iitti",6625
"2020","Ikaalinen",6866
"2020","Ilmajoki",12294
"2020","Ilomantsi",4749
"2020","Imatra",26075
"2020","Inari",6862
"2020","Ingĺ",5321
"2020","Isojoki",1925
"2020","Isokyrö",4471
"2020","Janakkala",16237
"2020","Joensuu",76935
"2020","Jokioinen",5061
"2020","Jomala",5386
"2020","Joroinen",4689
"2020","Joutsa",4297
"2020","Juuka",4527
"2020","Juupajoki",1800
"2020","Juva",5932
"2020","Jyväskylä",143420
"2020","Jämijärvi",1707
"2020","Jämsä",19887
"2020","Järvenpää",44455
"2020","Kaarina",34667
"2020","Kaavi",2807
"2020","Kajaani",36567
"2020","Kalajoki",12400
"2020","Kangasala",32214
"2020","Kangasniemi",5312
"2020","Kankaanpää",12758
"2020","Kannonkoski",1323
"2020","Kannus",5426
"2020","Karijoki",1207
"2020","Karkkila",8696
"2020","Karstula",3858
"2020","Karvia",2322
"2020","Kaskinen",1278
"2020","Kauhajoki",13007
"2020","Kauhava",15514
"2020","Kauniainen",10178
"2020","Kaustinen",4228
"2020","Keitele",2155
"2020","Kemi",20437
"2020","Kemijärvi",7191
"2020","Keminmaa",7984
"2020","Kimitoön",6609
"2020","Kempele",18796
"2020","Kerava",37105
"2020","Keuruu",9486
"2020","Kihniö",1822
"2020","Kinnula",1597
"2020","Kirkkonummi",40082
"2020","Kitee",9933
"2020","Kittilä",6436
"2020","Kiuruvesi",7854
"2020","Kivijärvi",1107
"2020","Kokemäki",7013
"2020","Kokkola",47772
"2020","Kolari",3925
"2020","Konnevesi",2593
"2020","Kontiolahti",14857
"2020","Korsnäs",2068
"2020","Koski Tl",2292
"2020","Kotka",51668
"2020","Kouvola",81187
"2020","Kristinestad",6404
"2020","Kronoby",6416
"2020","Kuhmo",8042
"2020","Kuhmoinen",2161
"2020","Kumlinge",307
"2020","Kuopio",120210
"2020","Kuortane",3534
"2020","Kurikka",20456
"2020","Kustavi",962
"2020","Kuusamo",15213
"2020","Kyyjärvi",1288
"2020","Kärkölä",4326
"2020","Kärsämäki",2538
"2020","Kökar",225
"2020","Lahti",119984
"2020","Laihia",7996
"2020","Laitila",8468
"2020","Lapinjärvi",2621
"2020","Lapinlahti",9358
"2020","Lappajärvi",2925
"2020","Lappeenranta",72662
"2020","Lapua",14221
"2020","Laukaa",18823
"2020","Lemi",2964
"2020","Lemland",2114
"2020","Lempäälä",23828
"2020","Leppävirta",9402
"2020","Lestijärvi",722
"2020","Lieksa",10719
"2020","Lieto",20146
"2020","Liminka",10238
"2020","Liperi",11994
"2020","Lohja",45886
"2020","Loimaa",15770
"2020","Loppi",7853
"2020","Loviisa",14745
"2020","Luhanka",699
"2020","Lumijoki",2036
"2020","Lumparland",372
"2020","Larsmo",5534
"2020","Luumäki",4543
"2020","Malax",5451
"2020","Mariehamn",11705
"2020","Marttila",1999
"2020","Masku",9543
"2020","Merijärvi",1078
"2020","Merikarvia",3066
"2020","Miehikkälä",1868
"2020","Mikkeli",52583
"2020","Muhos",8903
"2020","Multia",1558
"2020","Muonio",2297
"2020","Korsholm",19453
"2020","Muurame",10267
"2020","Mynämäki",7645
"2020","Myrskylä",1871
"2020","Mäntsälä",20783
"2020","Mänttä-Vilppula",9673
"2020","Mäntyharju",7330
"2020","Naantali",19427
"2020","Nakkila",5256
"2020","Nivala",10500
"2020","Nokia",34476
"2020","Nousiainen",4693
"2020","Nurmes",9501
"2020","Nurmijärvi",43663
"2020","Närpes",9558
"2020","Orimattila",15882
"2020","Oripää",1334
"2020","Orivesi",9008
"2020","Oulainen",7155
"2020","Oulu",207327
"2020","Outokumpu",6552
"2020","Padasjoki",2861
"2020","Paimio",10922
"2020","Paltamo",3235
"2020","Pargas",15105
"2020","Parikkala",4655
"2020","Parkano",6352
"2020","Pedersöre",11174
"2020","Pelkosenniemi",931
"2020","Pello",3304
"2020","Perho",2706
"2020","Petäjävesi",3772
"2020","Pieksämäki",17375
"2020","Pielavesi",4321
"2020","Jakobstad",19066
"2020","Pihtipudas",3931
"2020","Pirkkala",19803
"2020","Polvijärvi",4201
"2020","Pomarkku",2063
"2020","Pori",83684
"2020","Pornainen",5070
"2020","Porvoo",50619
"2020","Posio",3117
"2020","Pudasjärvi",7779
"2020","Pukkila",1833
"2020","Punkalaidun",2785
"2020","Puolanka",2491
"2020","Puumala",2137
"2020","Pyhtää",5125
"2020","Pyhäjoki",3051
"2020","Pyhäjärvi",5033
"2020","Pyhäntä",1593
"2020","Pyhäranta",1994
"2020","Pälkäne",6415
"2020","Pöytyä",8229
"2020","Raahe",24353
"2020","Raseborg",27528
"2020","Raisio",24407
"2020","Rantasalmi",3364
"2020","Ranua",3712
"2020","Rauma",39040
"2020","Rautalampi",3053
"2020","Rautavaara",1561
"2020","Rautjärvi",3146
"2020","Reisjärvi",2710
"2020","Riihimäki",28710
"2020","Ristijärvi",1235
"2020","Rovaniemi",63528
"2020","Ruokolahti",4922
"2020","Ruovesi",4215
"2020","Rusko",6354
"2020","Rääkkylä",2066
"2020","Saarijärvi",9208
"2020","Salla",3407
"2020","Salo",51562
"2020","Saltvik",1806
"2020","Sastamala",24052
"2020","Sauvo",2950
"2020","Savitaipale",3326
"2020","Savonlinna",32662
"2020","Savukoski",1009
"2020","Seinäjoki",64130
"2020","Sievi",4834
"2020","Siikainen",1385
"2020","Siikajoki",5034
"2020","Siikalatva",5203
"2020","Siilinjärvi",21251
"2020","Simo",2950
"2020","Sipoo",21687
"2020","Siuntio",6149
"2020","Sodankylä",8266
"2020","Soini",2007
"2020","Somero",8646
"2020","Sonkajärvi",3841
"2020","Sotkamo",10301
"2020","Sottunga",101
"2020","Sulkava",2482
"2020","Sund",1007
"2020","Suomussalmi",7594
"2020","Suonenjoki",6931
"2020","Sysmä",3631
"2020","Säkylä",6646
"2020","Taipalsaari",4628
"2020","Taivalkoski",3916
"2020","Taivassalo",1659
"2020","Tammela",6016
"2020","Tampere",241009
"2020","Tervo",1503
"2020","Tervola",2925
"2020","Teuva",4994
"2020","Tohmajärvi",4307
"2020","Toholampi",2966
"2020","Toivakka",2401
"2020","Tornio",21467
"2020","Turku",194391
"2020","Tuusniemi",2433
"2020","Tuusula",38783
"2020","Tyrnävä",6603
"2020","Ulvila",12735
"2020","Urjala",4644
"2020","Utajärvi",2619
"2020","Utsjoki",1219
"2020","Uurainen",3646
"2020","Nykarleby",7479
"2020","Uusikaupunki",15378
"2020","Vaala",2737
"2020","Vaasa",67551
"2020","Valkeakoski",20765
"2020","Vantaa",237231
"2020","Varkaus",20278
"2020","Vehmaa",2292
"2020","Vesanto",1972
"2020","Vesilahti",4367
"2020","Veteli",3065
"2020","Vieremä",3522
"2020","Vihti",29160
"2020","Viitasaari",6097
"2020","Vimpeli",2784
"2020","Virolahti",3087
"2020","Virrat",6510
"2020","Vĺrdö",460
"2020","Vörĺ",6388
"2020","Ylitornio",3890
"2020","Ylivieska",15304
"2020","Ylöjärvi",33352
"2020","Ypäjä",2314
"2020","Ähtäri",5522
"2020","Äänekoski",18577
"2021","WHOLE COUNTRY",5548241
"2021","Akaa",16467
"2021","Alajärvi",9311
"2021","Alavieska",2491
"2021","Alavus",11197
"2021","Asikkala",8033
"2021","Askola",4847
"2021","Aura",3955
"2021","Brändö",449
"2021","Eckerö",933
"2021","Enonkoski",1362
"2021","Enontekiö",1789
"2021","Espoo",297132
"2021","Eura",11417
"2021","Eurajoki",9334
"2021","Evijärvi",2404
"2021","Finström",2638
"2021","Forssa",16573
"2021","Föglö",501
"2021","Geta",505
"2021","Haapajärvi",6802
"2021","Haapavesi",6613
"2021","Hailuoto",950
"2021","Halsua",1083
"2021","Hamina",19702
"2021","Hammarland",1619
"2021","Hankasalmi",4683
"2021","Hanko",7979
"2021","Harjavalta",6785
"2021","Hartola",2621
"2021","Hattula",9405
"2021","Hausjärvi",8143
"2021","Heinola",18344
"2021","Heinävesi",3136
"2021","Helsinki",658457
"2021","Hirvensalmi",2131
"2021","Hollola",23090
"2021","Huittinen",9870
"2021","Humppila",2166
"2021","Hyrynsalmi",2139
"2021","Hyvinkää",46880
"2021","Hämeenkyrö",10337
"2021","Hämeenlinna",67971
"2021","Ii",9912
"2021","Iisalmi",20958
"2021","Iitti",6559
"2021","Ikaalinen",6877
"2021","Ilmajoki",12366
"2021","Ilomantsi",4643
"2021","Imatra",25655
"2021","Inari",7008
"2021","Ingĺ",5353
"2021","Isojoki",1891
"2021","Isokyrö",4480
"2021","Janakkala",16340
"2021","Joensuu",77261
"2021","Jokioinen",5046
"2021","Jomala",5512
"2021","Joroinen",4624
"2021","Joutsa",4263
"2021","Juuka",4444
"2021","Juupajoki",1786
"2021","Juva",5887
"2021","Jyväskylä",144473
"2021","Jämijärvi",1685
"2021","Jämsä",19767
"2021","Järvenpää",45226
"2021","Kaarina",35497
"2021","Kaavi",2778
"2021","Kajaani",36493
"2021","Kalajoki",12412
"2021","Kangasala",32622
"2021","Kangasniemi",5230
"2021","Kankaanpää",12662
"2021","Kannonkoski",1311
"2021","Kannus",5390
"2021","Karijoki",1192
"2021","Karkkila",8717
"2021","Karstula",3774
"2021","Karvia",2290
"2021","Kaskinen",1289
"2021","Kauhajoki",12890
"2021","Kauhava",15312
"2021","Kauniainen",10396
"2021","Kaustinen",4196
"2021","Keitele",2095
"2021","Kemi",19982
"2021","Kemijärvi",7105
"2021","Keminmaa",7904
"2021","Kimitoön",6614
"2021","Kempele",19116
"2021","Kerava",37232
"2021","Keuruu",9443
"2021","Kihniö",1808
"2021","Kinnula",1581
"2021","Kirkkonummi",40433
"2021","Kitee",9877
"2021","Kittilä",6523
"2021","Kiuruvesi",7759
"2021","Kivijärvi",1088
"2021","Kokemäki",6951
"2021","Kokkola",47909
"2021","Kolari",3989
"2021","Konnevesi",2586
"2021","Kontiolahti",15035
"2021","Korsnäs",2050
"2021","Koski Tl",2271
"2021","Kotka",51241
"2021","Kouvola",80454
"2021","Kristinestad",6380
"2021","Kronoby",6442
"2021","Kuhmo",7928
"2021","Kuhmoinen",2158
"2021","Kumlinge",313
"2021","Kuopio",121543
"2021","Kuortane",3528
"2021","Kurikka",20197
"2021","Kustavi",971
"2021","Kuusamo",15165
"2021","Kyyjärvi",1232
"2021","Kärkölä",4245
"2021","Kärsämäki",2533
"2021","Kökar",224
"2021","Lahti",120027
"2021","Laihia",7916
"2021","Laitila",8456
"2021","Lapinjärvi",2580
"2021","Lapinlahti",9247
"2021","Lappajärvi",2866
"2021","Lappeenranta",72634
"2021","Lapua",14203
"2021","Laukaa",18788
"2021","Lemi",2917
"2021","Lemland",2135
"2021","Lempäälä",24164
"2021","Leppävirta",9280
"2021","Lestijärvi",719
"2021","Lieksa",10543
"2021","Lieto",20291
"2021","Liminka",10218
"2021","Liperi",11979
"2021","Lohja",45988
"2021","Loimaa",15628
"2021","Loppi",7799
"2021","Loviisa",14643
"2021","Luhanka",703
"2021","Lumijoki",2018
"2021","Lumparland",376
"2021","Larsmo",5622
"2021","Luumäki",4473
"2021","Malax",5487
"2021","Mariehamn",11742
"2021","Marttila",1990
"2021","Masku",9612
"2021","Merijärvi",1076
"2021","Merikarvia",3055
"2021","Miehikkälä",1835
"2021","Mikkeli",52122
"2021","Muhos",8909
"2021","Multia",1488
"2021","Muonio",2321
"2021","Korsholm",19536
"2021","Muurame",10426
"2021","Mynämäki",7594
"2021","Myrskylä",1816
"2021","Mäntsälä",20837
"2021","Mänttä-Vilppula",9563
"2021","Mäntyharju",7279
"2021","Naantali",19579
"2021","Nakkila",5169
"2021","Nivala",10396
"2021","Nokia",34884
"2021","Nousiainen",4689
"2021","Nurmes",9423
"2021","Nurmijärvi",44127
"2021","Närpes",9562
"2021","Orimattila",15808
"2021","Oripää",1337
"2021","Orivesi",8978
"2021","Oulainen",7102
"2021","Oulu",209551
"2021","Outokumpu",6506
"2021","Padasjoki",2813
"2021","Paimio",11041
"2021","Paltamo",3183
"2021","Pargas",15086
"2021","Parikkala",4567
"2021","Parkano",6286
"2021","Pedersöre",11172
"2021","Pelkosenniemi",924
"2021","Pello",3296
"2021","Perho",2676
"2021","Petäjävesi",3678
"2021","Pieksämäki",17253
"2021","Pielavesi",4269
"2021","Jakobstad",19097
"2021","Pihtipudas",3873
"2021","Pirkkala",20206
"2021","Polvijärvi",4161
"2021","Pomarkku",2013
"2021","Pori",83482
"2021","Pornainen",5066
"2021","Porvoo",51149
"2021","Posio",3066
"2021","Pudasjärvi",7702
"2021","Pukkila",1848
"2021","Punkalaidun",2721
"2021","Puolanka",2446
"2021","Puumala",2117
"2021","Pyhtää",5119
"2021","Pyhäjoki",3048
"2021","Pyhäjärvi",4964
"2021","Pyhäntä",1631
"2021","Pyhäranta",1985
"2021","Pälkäne",6439
"2021","Pöytyä",8222
"2021","Raahe",24260
"2021","Raseborg",27484
"2021","Raisio",24810
"2021","Rantasalmi",3330
"2021","Ranua",3670
"2021","Rauma",38959
"2021","Rautalampi",3033
"2021","Rautavaara",1513
"2021","Rautjärvi",3092
"2021","Reisjärvi",2690
"2021","Riihimäki",28521
"2021","Ristijärvi",1210
"2021","Rovaniemi",64180
"2021","Ruokolahti",4913
"2021","Ruovesi",4155
"2021","Rusko",6379
"2021","Rääkkylä",2032
"2021","Saarijärvi",9117
"2021","Salla",3416
"2021","Salo",51400
"2021","Saltvik",1810
"2021","Sastamala",23998
"2021","Sauvo",2959
"2021","Savitaipale",3261
"2021","Savonlinna",32547
"2021","Savukoski",1009
"2021","Seinäjoki",64736
"2021","Sievi",4781
"2021","Siikainen",1352
"2021","Siikajoki",5028
"2021","Siikalatva",5131
"2021","Siilinjärvi",21293
"2021","Simo",2904
"2021","Sipoo",22190
"2021","Siuntio",6198
"2021","Sodankylä",8187
"2021","Soini",1997
"2021","Somero",8563
"2021","Sonkajärvi",3777
"2021","Sotkamo",10348
"2021","Sottunga",105
"2021","Sulkava",2430
"2021","Sund",1019
"2021","Suomussalmi",7508
"2021","Suonenjoki",6891
"2021","Sysmä",3584
"2021","Säkylä",6588
"2021","Taipalsaari",4595
"2021","Taivalkoski",3913
"2021","Taivassalo",1677
"2021","Tammela",5967
"2021","Tampere",244223
"2021","Tervo",1479
"2021","Tervola",2882
"2021","Teuva",4952
"2021","Tohmajärvi",4241
"2021","Toholampi",2938
"2021","Toivakka",2387
"2021","Tornio",21333
"2021","Turku",195137
"2021","Tuusniemi",2420
"2021","Tuusula",39718
"2021","Tyrnävä",6593
"2021","Ulvila",12669
"2021","Urjala",4669
"2021","Utajärvi",2568
"2021","Utsjoki",1176
"2021","Uurainen",3634
"2021","Nykarleby",7497
"2021","Uusikaupunki",15463
"2021","Vaala",2673
"2021","Vaasa",67615
"2021","Valkeakoski",20695
"2021","Vantaa",239206
"2021","Varkaus",19973
"2021","Vehmaa",2271
"2021","Vesanto",1941
"2021","Vesilahti",4444
"2021","Veteli",3004
"2021","Vieremä",3490
"2021","Vihti",29239
"2021","Viitasaari",6070
"2021","Vimpeli",2756
"2021","Virolahti",3040
"2021","Virrat",6465
"2021","Vĺrdö",463
"2021","Vörĺ",6376
"2021","Ylitornio",3830
"2021","Ylivieska",15357
"2021","Ylöjärvi",33533
"2021","Ypäjä",2282
"2021","Ähtäri",5484
"2021","Äänekoski",18318
"2022","WHOLE COUNTRY",5563970
"2022","Akaa",16473
"2022","Alajärvi",9183
"2022","Alavieska",2447
"2022","Alavus",11102
"2022","Asikkala",8014
"2022","Askola",4763
"2022","Aura",3965
"2022","Brändö",450
"2022","Eckerö",939
"2022","Enonkoski",1341
"2022","Enontekiö",1811
"2022","Espoo",305274
"2022","Eura",11276
"2022","Eurajoki",9211
"2022","Evijärvi",2346
"2022","Finström",2588
"2022","Forssa",16459
"2022","Föglö",504
"2022","Geta",507
"2022","Haapajärvi",6687
"2022","Haapavesi",6591
"2022","Hailuoto",960
"2022","Halsua",1052
"2022","Hamina",19549
"2022","Hammarland",1628
"2022","Hankasalmi",4601
"2022","Hanko",7832
"2022","Harjavalta",6753
"2022","Hartola",2574
"2022","Hattula",9359
"2022","Hausjärvi",8031
"2022","Heinola",18131
"2022","Heinävesi",3061
"2022","Helsinki",664028
"2022","Hirvensalmi",2091
"2022","Hollola",22943
"2022","Huittinen",9745
"2022","Humppila",2161
"2022","Hyrynsalmi",2094
"2022","Hyvinkää",46797
"2022","Hämeenkyrö",10257
"2022","Hämeenlinna",68043
"2022","Ii",9853
"2022","Iisalmi",20801
"2022","Iitti",6504
"2022","Ikaalinen",6804
"2022","Ilmajoki",12369
"2022","Ilomantsi",4492
"2022","Imatra",25208
"2022","Inari",7047
"2022","Ingĺ",5384
"2022","Isojoki",1852
"2022","Isokyrö",4406
"2022","Janakkala",16280
"2022","Joensuu",77513
"2022","Jokioinen",4990
"2022","Jomala",5610
"2022","Joroinen",4540
"2022","Joutsa",4171
"2022","Juuka",4352
"2022","Juupajoki",1768
"2022","Juva",5769
"2022","Jyväskylä",145887
"2022","Jämijärvi",1683
"2022","Jämsä",19347
"2022","Järvenpää",45630
"2022","Kaarina",35848
"2022","Kaavi",2689
"2022","Kajaani",36297
"2022","Kalajoki",12335
"2022","Kangasala",32959
"2022","Kangasniemi",5154
"2022","Kankaanpää",12528
"2022","Kannonkoski",1269
"2022","Kannus",5352
"2022","Karijoki",1200
"2022","Karkkila",8603
"2022","Karstula",3665
"2022","Karvia",2240
"2022","Kaskinen",1256
"2022","Kauhajoki",12750
"2022","Kauhava",15116
"2022","Kauniainen",10284
"2022","Kaustinen",4198
"2022","Keitele",2029
"2022","Kemi",19499
"2022","Kemijärvi",6996
"2022","Keminmaa",7771
"2022","Kimitoön",6549
"2022","Kempele",19300
"2022","Kerava",37676
"2022","Keuruu",9250
"2022","Kihniö",1771
"2022","Kinnula",1554
"2022","Kirkkonummi",40722
"2022","Kitee",9727
"2022","Kittilä",6637
"2022","Kiuruvesi",7597
"2022","Kivijärvi",1064
"2022","Kokemäki",6903
"2022","Kokkola",48006
"2022","Kolari",3999
"2022","Konnevesi",2521
"2022","Kontiolahti",15157
"2022","Korsnäs",2024
"2022","Koski Tl",2227
"2022","Kotka",50617
"2022","Kouvola",79429
"2022","Kristinestad",6242
"2022","Kronoby",6405
"2022","Kuhmo",7755
"2022","Kuhmoinen",2119
"2022","Kumlinge",306
"2022","Kuopio",122594
"2022","Kuortane",3437
"2022","Kurikka",19890
"2022","Kustavi",950
"2022","Kuusamo",15146
"2022","Kyyjärvi",1196
"2022","Kärkölä",4198
"2022","Kärsämäki",2474
"2022","Kökar",223
"2022","Lahti",120175
"2022","Laihia",7817
"2022","Laitila",8366
"2022","Lapinjärvi",2518
"2022","Lapinlahti",9099
"2022","Lappajärvi",2820
"2022","Lappeenranta",72650
"2022","Lapua",14099
"2022","Laukaa",18775
"2022","Lemi",2886
"2022","Lemland",2131
"2022","Lempäälä",24580
"2022","Leppävirta",9177
"2022","Lestijärvi",695
"2022","Lieksa",10372
"2022","Lieto",20497
"2022","Liminka",10258
"2022","Liperi",11962
"2022","Lohja",45811
"2022","Loimaa",15392
"2022","Loppi",7749
"2022","Loviisa",14568
"2022","Luhanka",692
"2022","Lumijoki",1988
"2022","Lumparland",360
"2022","Larsmo",5732
"2022","Luumäki",4421
"2022","Malax",5479
"2022","Mariehamn",11757
"2022","Marttila",1978
"2022","Masku",9642
"2022","Merijärvi",1067
"2022","Merikarvia",2967
"2022","Miehikkälä",1791
"2022","Mikkeli",51980
"2022","Muhos",8882
"2022","Multia",1477
"2022","Muonio",2281
"2022","Korsholm",19662
"2022","Muurame",10486
"2022","Mynämäki",7539
"2022","Myrskylä",1764
"2022","Mäntsälä",20912
"2022","Mänttä-Vilppula",9360
"2022","Mäntyharju",7164
"2022","Naantali",19850
"2022","Nakkila",5072
"2022","Nivala",10419
"2022","Nokia",35346
"2022","Nousiainen",4644
"2022","Nurmes",9243
"2022","Nurmijärvi",44458
"2022","Närpes",9584
"2022","Orimattila",15735
"2022","Oripää",1317
"2022","Orivesi",8935
"2022","Oulainen",7025
"2022","Oulu",211848
"2022","Outokumpu",6457
"2022","Padasjoki",2750
"2022","Paimio",11138
"2022","Paltamo",3100
"2022","Pargas",14991
"2022","Parikkala",4438
"2022","Parkano",6240
"2022","Pedersöre",11206
"2022","Pelkosenniemi",947
"2022","Pello",3262
"2022","Perho",2653
"2022","Petäjävesi",3651
"2022","Pieksämäki",17077
"2022","Pielavesi",4140
"2022","Jakobstad",19207
"2022","Pihtipudas",3786
"2022","Pirkkala",20405
"2022","Polvijärvi",4084
"2022","Pomarkku",1980
"2022","Pori",83205
"2022","Pornainen",5011
"2022","Porvoo",51232
"2022","Posio",2999
"2022","Pudasjärvi",7603
"2022","Pukkila",1807
"2022","Punkalaidun",2675
"2022","Puolanka",2380
"2022","Puumala",2107
"2022","Pyhtää",5117
"2022","Pyhäjoki",2991
"2022","Pyhäjärvi",4835
"2022","Pyhäntä",1635
"2022","Pyhäranta",1963
"2022","Pälkäne",6347
"2022","Pöytyä",8154
"2022","Raahe",24073
"2022","Raseborg",27306
"2022","Raisio",24942
"2022","Rantasalmi",3308
"2022","Ranua",3618
"2022","Rauma",38667
"2022","Rautalampi",2964
"2022","Rautavaara",1477
"2022","Rautjärvi",3093
"2022","Reisjärvi",2636
"2022","Riihimäki",28349
"2022","Ristijärvi",1174
"2022","Rovaniemi",64535
"2022","Ruokolahti",4842
"2022","Ruovesi",4114
"2022","Rusko",6428
"2022","Rääkkylä",1960
"2022","Saarijärvi",8975
"2022","Salla",3336
"2022","Salo",50933
"2022","Saltvik",1793
"2022","Sastamala",23734
"2022","Sauvo",2917
"2022","Savitaipale",3256
"2022","Savonlinna",32085
"2022","Savukoski",988
"2022","Seinäjoki",65323
"2022","Sievi",4735
"2022","Siikainen",1308
"2022","Siikajoki",4897
"2022","Siikalatva",5029
"2022","Siilinjärvi",21232
"2022","Simo",2877
"2022","Sipoo",22320
"2022","Siuntio",6217
"2022","Sodankylä",8134
"2022","Soini",1942
"2022","Somero",8426
"2022","Sonkajärvi",3672
"2022","Sotkamo",10354
"2022","Sottunga",111
"2022","Sulkava",2375
"2022","Sund",1001
"2022","Suomussalmi",7367
"2022","Suonenjoki",6763
"2022","Sysmä",3504
"2022","Säkylä",6419
"2022","Taipalsaari",4559
"2022","Taivalkoski",3825
"2022","Taivassalo",1691
"2022","Tammela",5879
"2022","Tampere",249009
"2022","Tervo",1441
"2022","Tervola",2863
"2022","Teuva",4862
"2022","Tohmajärvi",4160
"2022","Toholampi",2903
"2022","Toivakka",2407
"2022","Tornio",21227
"2022","Turku",197900
"2022","Tuusniemi",2394
"2022","Tuusula",40384
"2022","Tyrnävä",6562
"2022","Ulvila",12599
"2022","Urjala",4569
"2022","Utajärvi",2523
"2022","Utsjoki",1180
"2022","Uurainen",3592
"2022","Nykarleby",7434
"2022","Uusikaupunki",15092
"2022","Vaala",2626
"2022","Vaasa",67988
"2022","Valkeakoski",20703
"2022","Vantaa",242819
"2022","Varkaus",19759
"2022","Vehmaa",2228
"2022","Vesanto",1894
"2022","Vesilahti",4501
"2022","Veteli",2946
"2022","Vieremä",3427
"2022","Vihti",28913
"2022","Viitasaari",5951
"2022","Vimpeli",2671
"2022","Virolahti",2985
"2022","Virrat",6395
"2022","Vĺrdö",451
"2022","Vörĺ",6287
"2022","Ylitornio",3788
"2022","Ylivieska",15293
"2022","Ylöjärvi",33607
"2022","Ypäjä",2237
"2022","Ähtäri",5406
"2022","Äänekoski",18120
"2023","WHOLE COUNTRY",5603851
"2023","Akaa",16405
"2023","Alajärvi",9113
"2023","Alavieska",2437
"2023","Alavus",10933
"2023","Asikkala",7968
"2023","Askola",4700
"2023","Aura",3961
"2023","Brändö",436
"2023","Eckerö",942
"2023","Enonkoski",1320
"2023","Enontekiö",1771
"2023","Espoo",314024
"2023","Eura",11184
"2023","Eurajoki",9143
"2023","Evijärvi",2292
"2023","Finström",2610
"2023","Forssa",16469
"2023","Föglö",509
"2023","Geta",509
"2023","Haapajärvi",6558
"2023","Haapavesi",6473
"2023","Hailuoto",948
"2023","Halsua",1013
"2023","Hamina",19534
"2023","Hammarland",1646
"2023","Hankasalmi",4549
"2023","Hanko",7721
"2023","Harjavalta",6703
"2023","Hartola",2531
"2023","Hattula",9371
"2023","Hausjärvi",7998
"2023","Heinola",17953
"2023","Heinävesi",3001
"2023","Helsinki",674500
"2023","Hirvensalmi",2062
"2023","Hollola",22885
"2023","Huittinen",9646
"2023","Humppila",2125
"2023","Hyrynsalmi",2063
"2023","Hyvinkää",46901
"2023","Hämeenkyrö",10319
"2023","Hämeenlinna",68319
"2023","Ii",9766
"2023","Iisalmi",20618
"2023","Iitti",6444
"2023","Ikaalinen",6850
"2023","Ilmajoki",12343
"2023","Ilomantsi",4406
"2023","Imatra",24919
"2023","Inari",7127
"2023","Ingĺ",5379
"2023","Isojoki",1814
"2023","Isokyrö",4357
"2023","Janakkala",16123
"2023","Joensuu",78062
"2023","Jokioinen",4916
"2023","Jomala",5697
"2023","Joroinen",4590
"2023","Joutsa",4079
"2023","Juuka",4259
"2023","Juupajoki",1708
"2023","Juva",5734
"2023","Jyväskylä",147746
"2023","Jämijärvi",1682
"2023","Jämsä",19182
"2023","Järvenpää",46490
"2023","Kaarina",36339
"2023","Kaavi",2628
"2023","Kajaani",36513
"2023","Kalajoki",12372
"2023","Kangasala",33473
"2023","Kangasniemi",5114
"2023","Kankaanpää",12394
"2023","Kannonkoski",1217
"2023","Kannus",5246
"2023","Karijoki",1188
"2023","Karkkila",8581
"2023","Karstula",3625
"2023","Karvia",2216
"2023","Kaskinen",1208
"2023","Kauhajoki",12618
"2023","Kauhava",15165
"2023","Kauniainen",10270
"2023","Kaustinen",4137
"2023","Keitele",2035
"2023","Kemi",19371
"2023","Kemijärvi",7030
"2023","Keminmaa",7691
"2023","Kimitoön",6462
"2023","Kempele",19514
"2023","Kerava",38211
"2023","Keuruu",9184
"2023","Kihniö",1749
"2023","Kinnula",1523
"2023","Kirkkonummi",41154
"2023","Kitee",9689
"2023","Kittilä",6822
"2023","Kiuruvesi",7475
"2023","Kivijärvi",1035
"2023","Kokemäki",6766
"2023","Kokkola",48295
"2023","Kolari",4011
"2023","Konnevesi",2499
"2023","Kontiolahti",15136
"2023","Korsnäs",2015
"2023","Koski Tl",2207
"2023","Kotka",50500
"2023","Kouvola",78880
"2023","Kristinestad",6199
"2023","Kronoby",6368
"2023","Kuhmo",7582
"2023","Kuhmoinen",2092
"2023","Kumlinge",290
"2023","Kuopio",124021
"2023","Kuortane",3381
"2023","Kurikka",19759
"2023","Kustavi",949
"2023","Kuusamo",15019
"2023","Kyyjärvi",1174
"2023","Kärkölä",4114
"2023","Kärsämäki",2440
"2023","Kökar",225
"2023","Lahti",120693
"2023","Laihia",7682
"2023","Laitila",8441
"2023","Lapinjärvi",2449
"2023","Lapinlahti",8975
"2023","Lappajärvi",2789
"2023","Lappeenranta",72988
"2023","Lapua",14024
"2023","Laukaa",18762
"2023","Lemi",2862
"2023","Lemland",2127
"2023","Lempäälä",24711
"2023","Leppävirta",9049
"2023","Lestijärvi",682
"2023","Lieksa",10228
"2023","Lieto",20637
"2023","Liminka",10256
"2023","Liperi",11969
"2023","Lohja",45645
"2023","Loimaa",15420
"2023","Loppi",7692
"2023","Loviisa",14458
"2023","Luhanka",702
"2023","Lumijoki",2033
"2023","Lumparland",366
"2023","Larsmo",5843
"2023","Luumäki",4396
"2023","Malax",5456
"2023","Mariehamn",11812
"2023","Marttila",1930
"2023","Masku",9619
"2023","Merijärvi",1055
"2023","Merikarvia",2966
"2023","Miehikkälä",1752
"2023","Mikkeli",51919
"2023","Muhos",8827
"2023","Multia",1430
"2023","Muonio",2325
"2023","Korsholm",19763
"2023","Muurame",10551
"2023","Mynämäki",7515
"2023","Myrskylä",1715
"2023","Mäntsälä",20957
"2023","Mänttä-Vilppula",9271
"2023","Mäntyharju",7099
"2023","Naantali",19999
"2023","Nakkila",4966
"2023","Nivala",10454
"2023","Nokia",35647
"2023","Nousiainen",4695
"2023","Nurmes",9130
"2023","Nurmijärvi",44785
"2023","Närpes",9621
"2023","Orimattila",15669
"2023","Oripää",1315
"2023","Orivesi",8839
"2023","Oulainen",6978
"2023","Oulu",214633
"2023","Outokumpu",6409
"2023","Padasjoki",2726
"2023","Paimio",11236
"2023","Paltamo",3037
"2023","Pargas",14999
"2023","Parikkala",4366
"2023","Parkano",6123
"2023","Pedersöre",11225
"2023","Pelkosenniemi",912
"2023","Pello",3253
"2023","Perho",2578
"2023","Petäjävesi",3596
"2023","Pieksämäki",17050
"2023","Pielavesi",4073
"2023","Jakobstad",19475
"2023","Pihtipudas",3739
"2023","Pirkkala",20763
"2023","Polvijärvi",4064
"2023","Pomarkku",1943
"2023","Pori",83106
"2023","Pornainen",4973
"2023","Porvoo",51289
"2023","Posio",2923
"2023","Pudasjärvi",7479
"2023","Pukkila",1781
"2023","Punkalaidun",2650
"2023","Puolanka",2359
"2023","Puumala",2108
"2023","Pyhtää",5065
"2023","Pyhäjoki",2980
"2023","Pyhäjärvi",4756
"2023","Pyhäntä",1646
"2023","Pyhäranta",1930
"2023","Pälkäne",6337
"2023","Pöytyä",8130
"2023","Raahe",23797
"2023","Raseborg",27209
"2023","Raisio",25331
"2023","Rantasalmi",3297
"2023","Ranua",3599
"2023","Rauma",38832
"2023","Rautalampi",2933
"2023","Rautavaara",1424
"2023","Rautjärvi",3032
"2023","Reisjärvi",2598
"2023","Riihimäki",28483
"2023","Ristijärvi",1164
"2023","Rovaniemi",65286
"2023","Ruokolahti",4758
"2023","Ruovesi",4124
"2023","Rusko",6436
"2023","Rääkkylä",1902
"2023","Saarijärvi",8847
"2023","Salla",3344
"2023","Salo",51100
"2023","Saltvik",1791
"2023","Sastamala",23515
"2023","Sauvo",2974
"2023","Savitaipale",3216
"2023","Savonlinna",31843
"2023","Savukoski",978
"2023","Seinäjoki",66160
"2023","Sievi",4713
"2023","Siikainen",1283
"2023","Siikajoki",4837
"2023","Siikalatva",4931
"2023","Siilinjärvi",21290
"2023","Simo",2828
"2023","Sipoo",22595
"2023","Siuntio",6158
"2023","Sodankylä",8126
"2023","Soini",1873
"2023","Somero",8410
"2023","Sonkajärvi",3637
"2023","Sotkamo",10274
"2023","Sottunga",115
"2023","Sulkava",2368
"2023","Sund",995
"2023","Suomussalmi",7172
"2023","Suonenjoki",6708
"2023","Sysmä",3496
"2023","Säkylä",6377
"2023","Taipalsaari",4625
"2023","Taivalkoski",3731
"2023","Taivassalo",1705
"2023","Tammela",5844
"2023","Tampere",255050
"2023","Tervo",1412
"2023","Tervola",2831
"2023","Teuva",4758
"2023","Tohmajärvi",4066
"2023","Toholampi",2849
"2023","Toivakka",2368
"2023","Tornio",21018
"2023","Turku",201863
"2023","Tuusniemi",2313
"2023","Tuusula",41338
"2023","Tyrnävä",6525
"2023","Ulvila",12533
"2023","Urjala",4568
"2023","Utajärvi",2491
"2023","Utsjoki",1139
"2023","Uurainen",3615
"2023","Nykarleby",7500
"2023","Uusikaupunki",14938
"2023","Vaala",2589
"2023","Vaasa",68956
"2023","Valkeakoski",20694
"2023","Vantaa",247443
"2023","Varkaus",19727
"2023","Vehmaa",2245
"2023","Vesanto",1895
"2023","Vesilahti",4469
"2023","Veteli",2936
"2023","Vieremä",3387
"2023","Vihti",28811
"2023","Viitasaari",5877
"2023","Vimpeli",2656
"2023","Virolahti",2927
"2023","Virrat",6275
"2023","Vĺrdö",471
"2023","Vörĺ",6291
"2023","Ylitornio",3765
"2023","Ylivieska",15369
"2023","Ylöjärvi",33677
"2023","Ypäjä",2207
"2023","Ähtäri",5316
"2023","Äänekoski",17971
"2024","WHOLE COUNTRY",5635971
"2024","Akaa",16387
"2024","Alajärvi",9078
"2024","Alavieska",2410
"2024","Alavus",10780
"2024","Asikkala",7889
"2024","Askola",4651
"2024","Aura",3966
"2024","Brändö",430
"2024","Eckerö",956
"2024","Enonkoski",1288
"2024","Enontekiö",1762
"2024","Espoo",320931
"2024","Eura",11084
"2024","Eurajoki",9052
"2024","Evijärvi",2272
"2024","Finström",2617
"2024","Forssa",16478
"2024","Föglö",502
"2024","Geta",514
"2024","Haapajärvi",6492
"2024","Haapavesi",6365
"2024","Hailuoto",927
"2024","Halsua",985
"2024","Hamina",19311
"2024","Hammarland",1636
"2024","Hankasalmi",4509
"2024","Hanko",7702
"2024","Harjavalta",6647
"2024","Hartola",2482
"2024","Hattula",9361
"2024","Hausjärvi",7901
"2024","Heinola",17829
"2024","Heinävesi",2929
"2024","Helsinki",684018
"2024","Hirvensalmi",2059
"2024","Hollola",22849
"2024","Huittinen",9555
"2024","Humppila",2094
"2024","Hyrynsalmi",2002
"2024","Hyvinkää",47031
"2024","Hämeenkyrö",10348
"2024","Hämeenlinna",68433
"2024","Ii",9806
"2024","Iisalmi",20463
"2024","Iitti",6401
"2024","Ikaalinen",6758
"2024","Ilmajoki",12429
"2024","Ilomantsi",4382
"2024","Imatra",24724
"2024","Inari",7224
"2024","Ingĺ",5402
"2024","Isojoki",1794
"2024","Isokyrö",4319
"2024","Janakkala",16015
"2024","Joensuu",78741
"2024","Jokioinen",4848
"2024","Jomala",5789
"2024","Joroinen",4552
"2024","Joutsa",4099
"2024","Juuka",4160
"2024","Juupajoki",1668
"2024","Juva",5674
"2024","Jyväskylä",149194
"2024","Jämijärvi",1658
"2024","Jämsä",19116
"2024","Järvenpää",46871
"2024","Kaarina",36551
"2024","Kaavi",2589
"2024","Kajaani",36433
"2024","Kalajoki",12271
"2024","Kangasala",33951
"2024","Kangasniemi",5062
"2024","Kankaanpää",12478
"2024","Kannonkoski",1186
"2024","Kannus",5264
"2024","Karijoki",1159
"2024","Karkkila",8440
"2024","Karstula",3573
"2024","Karvia",2170
"2024","Kaskinen",1241
"2024","Kauhajoki",12518
"2024","Kauhava",15050
"2024","Kauniainen",10253
"2024","Kaustinen",4118
"2024","Keitele",1985
"2024","Kemi",19402
"2024","Kemijärvi",6954
"2024","Keminmaa",7604
"2024","Kimitoön",6371
"2024","Kempele",19657
"2024","Kerava",38461
"2024","Keuruu",9128
"2024","Kihniö",1703
"2024","Kinnula",1492
"2024","Kirkkonummi",41635
"2024","Kitee",9566
"2024","Kittilä",6837
"2024","Kiuruvesi",7354
"2024","Kivijärvi",1011
"2024","Kokemäki",6668
"2024","Kokkola",48367
"2024","Kolari",3987
"2024","Konnevesi",2441
"2024","Kontiolahti",15071
"2024","Korsnäs",1986
"2024","Koski Tl",2186
"2024","Kotka",50210
"2024","Kouvola",78386
"2024","Kristinestad",6121
"2024","Kronoby",6342
"2024","Kuhmo",7483
"2024","Kuhmoinen",2038
"2024","Kumlinge",273
"2024","Kuopio",125666
"2024","Kuortane",3335
"2024","Kurikka",19509
"2024","Kustavi",970
"2024","Kuusamo",14876
"2024","Kyyjärvi",1155
"2024","Kärkölä",4093
"2024","Kärsämäki",2373
"2024","Kökar",227
"2024","Lahti",121337
"2024","Laihia",7656
"2024","Laitila",8479
"2024","Lapinjärvi",2429
"2024","Lapinlahti",8865
"2024","Lappajärvi",2758
"2024","Lappeenranta",73327
"2024","Lapua",14028
"2024","Laukaa",18878
"2024","Lemi",2849
"2024","Lemland",2134
"2024","Lempäälä",24854
"2024","Leppävirta",8971
"2024","Lestijärvi",665
"2024","Lieksa",10049
"2024","Lieto",20666
"2024","Liminka",10190
"2024","Liperi",11913
"2024","Lohja",45687
"2024","Loimaa",15295
"2024","Loppi",7657
"2024","Loviisa",14352
"2024","Luhanka",711
"2024","Lumijoki",2008
"2024","Lumparland",371
"2024","Larsmo",5884
"2024","Luumäki",4358
"2024","Malax",5415
"2024","Mariehamn",11866
"2024","Marttila",1910
"2024","Masku",9592
"2024","Merijärvi",1059
"2024","Merikarvia",2904
"2024","Miehikkälä",1703
"2024","Mikkeli",51890
"2024","Muhos",8749
"2024","Multia",1393
"2024","Muonio",2313
"2024","Korsholm",19738
"2024","Muurame",10614
"2024","Mynämäki",7477
"2024","Myrskylä",1677
"2024","Mäntsälä",20934
"2024","Mänttä-Vilppula",9270
"2024","Mäntyharju",7057
"2024","Naantali",20129
"2024","Nakkila",4939
"2024","Nivala",10378
"2024","Nokia",36176
"2024","Nousiainen",4659
"2024","Nurmes",8980
"2024","Nurmijärvi",45048
"2024","Närpes",9554
"2024","Orimattila",15651
"2024","Oripää",1304
"2024","Orivesi",8869
"2024","Oulainen",6912
"2024","Oulu",216152
"2024","Outokumpu",6444
"2024","Padasjoki",2676
"2024","Paimio",11221
"2024","Paltamo",2990
"2024","Pargas",14868
"2024","Parikkala",4300
"2024","Parkano",6069
"2024","Pedersöre",11226
"2024","Pelkosenniemi",910
"2024","Pello",3191
"2024","Perho",2594
"2024","Petäjävesi",3552
"2024","Pieksämäki",17178
"2024","Pielavesi",3980
"2024","Jakobstad",19576
"2024","Pihtipudas",3692
"2024","Pirkkala",21042
"2024","Polvijärvi",3999
"2024","Pomarkku",1931
"2024","Pori",83305
"2024","Pornainen",4961
"2024","Porvoo",51737
"2024","Posio",2878
"2024","Pudasjärvi",7304
"2024","Pukkila",1743
"2024","Punkalaidun",2607
"2024","Puolanka",2345
"2024","Puumala",2101
"2024","Pyhtää",5001
"2024","Pyhäjoki",2976
"2024","Pyhäjärvi",4702
"2024","Pyhäntä",1641
"2024","Pyhäranta",1919
"2024","Pälkäne",6238
"2024","Pöytyä",8011
"2024","Raahe",23571
"2024","Raseborg",27036
"2024","Raisio",25738
"2024","Rantasalmi",3246
"2024","Ranua",3570
"2024","Rauma",38968
"2024","Rautalampi",2935
"2024","Rautavaara",1413
"2024","Rautjärvi",3008
"2024","Reisjärvi",2556
"2024","Riihimäki",28643
"2024","Ristijärvi",1163
"2024","Rovaniemi",65722
"2024","Ruokolahti",4733
"2024","Ruovesi",4039
"2024","Rusko",6418
"2024","Rääkkylä",1881
"2024","Saarijärvi",8858
"2024","Salla",3285
"2024","Salo",50870
"2024","Saltvik",1778
"2024","Sastamala",23464
"2024","Sauvo",2965
"2024","Savitaipale",3188
"2024","Savonlinna",31460
"2024","Savukoski",964
"2024","Seinäjoki",66611
"2024","Sievi",4603
"2024","Siikainen",1264
"2024","Siikajoki",4804
"2024","Siikalatva",4938
"2024","Siilinjärvi",21269
"2024","Simo",2778
"2024","Sipoo",22826
"2024","Siuntio",6182
"2024","Sodankylä",8127
"2024","Soini",1800
"2024","Somero",8429
"2024","Sonkajärvi",3570
"2024","Sotkamo",10185
"2024","Sottunga",101
"2024","Sulkava",2361
"2024","Sund",1001
"2024","Suomussalmi",7038
"2024","Suonenjoki",6632
"2024","Sysmä",3428
"2024","Säkylä",6256
"2024","Taipalsaari",4596
"2024","Taivalkoski",3657
"2024","Taivassalo",1692
"2024","Tammela",5832
"2024","Tampere",260180
"2024","Tervo",1388
"2024","Tervola",2826
"2024","Teuva",4662
"2024","Tohmajärvi",3976
"2024","Toholampi",2799
"2024","Toivakka",2349
"2024","Tornio",20959
"2024","Turku",206073
"2024","Tuusniemi",2311
"2024","Tuusula",42225
"2024","Tyrnävä",6501
"2024","Ulvila",12382
"2024","Urjala",4493
"2024","Utajärvi",2466
"2024","Utsjoki",1137
"2024","Uurainen",3657
"2024","Nykarleby",7439
"2024","Uusikaupunki",14814
"2024","Vaala",2581
"2024","Vaasa",70361
"2024","Valkeakoski",20847
"2024","Vantaa",251269
"2024","Varkaus",19669
"2024","Vehmaa",2246
"2024","Vesanto",1851
"2024","Vesilahti",4511
"2024","Veteli",2931
"2024","Vieremä",3352
"2024","Vihti",28799
"2024","Viitasaari",5764
"2024","Vimpeli",2607
"2024","Virolahti",2831
"2024","Virrat",6190
"2024","Vĺrdö",459
"2024","Vörĺ",6210
"2024","Ylitornio",3721
"2024","Ylivieska",15406
"2024","Ylöjärvi",33704
"2024","Ypäjä",2193
"2024","Ähtäri",5220
"2024","Äänekoski",17740
